"","date_time","lfalls_nat","lfalls_adj","lfalls_obs","lfalls_obs_fc9","lfalls_obs_fc0","sen_outflow","sen_outflow_lagged","jrr_outflow","jrr_outflow_lagged","need_0day","withdr_pot"
"1",1929-10-01,1729,1729,1329,1000,1000,0,0,120,120,0,300
"2",1929-10-02,9954,10074,9737.76,10277.02,9737.76,114.76,114.76,772.900000000001,120,0,451
"3",1929-10-03,17041,17161,16724.46,17494.12,16724.46,12.46,12.46,901,120,0,449
"4",1929-10-04,7876,7996,7551.85,8047.72,7551.85,8.84999999999991,8.84999999999991,623.599999999999,120,0,453
"5",1929-10-05,26580,26700,26251.21,26624.82,26251.21,7.21000000000004,7.21000000000004,499.699999999997,120,0,456
"6",1929-10-06,33580,33700,33230.9,33519.62,33230.9,5.90000000000009,5.90000000000009,413.5,120,0,475
"7",1929-10-07,15590,15710,15208.9,15455.12,15208.9,5.90000000000009,5.90000000000009,371,120,0,507
"8",1929-10-08,8910,9030,8520.57,8744.72,8520.57,5.57000000000016,5.57000000000016,348.599999999999,120,0,515
"9",1929-10-09,6556,6676,6172.57,6381.42,6172.57,5.57000000000016,5.57000000000016,333.300000000003,120,0,509
"10",1929-10-10,4727,4847,4369.25,4570.12,4369.25,5.25,5.25,325,120,0,483
"11",1929-10-11,3811,4583.9,4090.15,3632.22,4090.15,5.25,5.25,319.099999999999,772.900000000001,0,499
"12",1929-10-12,2934,3835,3346.92,2757.72,3346.92,4.92000000000007,4.92000000000007,315.599999999999,901,0,493
"13",1929-10-13,2702,3325.6,2822.52,2507.72,2822.52,4.92000000000007,4.92000000000007,312.599999999999,623.599999999999,0,508
"14",1929-10-14,2539,3038.7,2516.62,2322.82,2516.62,4.92000000000007,4.92000000000007,309.699999999997,499.699999999997,0,527
"15",1929-10-15,2714,3127.5,2620.42,2512.82,2620.42,4.92000000000007,4.92000000000007,309.699999999997,413.5,0,512
"16",1929-10-16,2586,2957,2458.92,2392.62,2458.92,4.92000000000007,4.92000000000007,308.5,371,0,503
"17",1929-10-17,1943,2291.6,1784.52,1465.7924472812,1784.52,4.92000000000007,4.92000000000007,321.5,348.599999999999,0,512
"18",1929-10-18,1796,2129.3,1632.89,1263.9803861033,1632.89,4.59000000000015,4.59000000000015,313.800000000003,333.300000000003,0,501
"19",1929-10-19,1663,1988,1492.59,1097.29407524601,1492.59,4.59000000000015,4.59000000000015,309.699999999997,325,0,500
"20",1929-10-20,1373,1692.1,1187.69,790.366433741461,1187.69,4.59000000000015,4.59000000000015,307.300000000003,319.099999999999,0,509
"21",1929-10-21,1379,1694.6,1196.52,800.532018524209,1196.52,4.92000000000007,4.92000000000007,306.099999999999,315.599999999999,0,503
"22",1929-10-22,1587,1899.6,1507.7,1213.24121417196,1507.7,74.0999999999999,74.0999999999999,476.699999999997,312.599999999999,0,466
"23",1929-10-23,10439,10748.7,10295.37,10552.42,10295.37,19.6700000000001,19.6700000000001,585.300000000003,309.699999999997,0,473
"24",1929-10-24,18440,18749.7,18305.21,18510.42,18305.21,9.51000000000022,9.51000000000022,523.300000000003,309.699999999997,0,454
"25",1929-10-25,70407,70715.5,70277.04,70388.02,70277.04,7.53999999999996,7.53999999999996,425.900000000001,308.5,0,446
"26",1929-10-26,32515,32836.5,32378.06,32438.72,32378.06,6.55999999999995,6.55999999999995,387.599999999999,321.5,0,465
"27",1929-10-27,19224,19537.8,19053.36,19099.82,19053.36,6.55999999999995,6.55999999999995,365.699999999997,313.800000000003,0,491
"28",1929-10-28,13150,13459.7,12987.93,13022.92,12987.93,6.23000000000002,6.23000000000002,349.800000000003,309.699999999997,0,478
"29",1929-10-29,9113,9420.3,8967.53,8994.92,8967.53,6.23000000000002,6.23000000000002,339.800000000003,307.300000000003,0,459
"30",1929-10-30,7119,7425.1,6993.31,7019.12,6993.31,7.21000000000004,7.21000000000004,338,306.099999999999,0,439
"31",1929-10-31,5947,6423.7,5999.23,5851.92,5999.23,8.5300000000002,8.5300000000002,336.800000000003,476.699999999997,0,433
"32",1929-11-01,5020,5605.3,5181.51,4875.02,5181.51,7.21000000000004,7.21000000000004,284.900000000001,585.300000000003,0,431
"33",1929-11-02,4521,5044.3,4617.19,4334.32,4617.19,6.88999999999987,6.88999999999987,246.199999999997,523.300000000003,0,434
"34",1929-11-03,5565,5990.9,5579.59,5717.72,5579.59,18.6900000000001,18.6900000000001,581.599999999999,425.900000000001,0,430
"35",1929-11-04,8650,9037.6,8629.99,9289.72,8629.99,16.3899999999999,16.3899999999999,1062.6,387.599999999999,0,424
"36",1929-11-05,7969,8334.7,7929.21,8228.82,7929.21,9.51000000000022,9.51000000000022,673.699999999997,365.699999999997,0,415
"37",1929-11-06,10585,10934.8,10508.65,10645.22,10508.65,8.84999999999991,8.84999999999991,494.099999999999,349.800000000003,0,435
"38",1929-11-07,12741,13080.8,12653.67,12699.92,12653.67,7.86999999999989,7.86999999999989,392.800000000003,339.800000000003,0,435
"39",1929-11-08,12411,12749,12336.87,12314.12,12336.87,7.86999999999989,7.86999999999989,322,338,0,420
"40",1929-11-09,9371,9707.8,9295.34,9235.82,9295.34,7.53999999999996,7.53999999999996,283.699999999997,336.800000000003,0,420
"41",1929-11-10,7779,8063.9,7636.11,7591.62,7636.11,7.21000000000004,7.21000000000004,246.5,284.900000000001,0,435
"42",1929-11-11,6506,6752.2,6316.74,6305.82,6316.74,7.53999999999996,7.53999999999996,241.699999999997,246.199999999997,0,443
"43",1929-11-12,5448,6029.6,5575.81,5226.32,5575.81,7.21000000000004,7.21000000000004,238.199999999997,581.599999999999,0,461
"44",1929-11-13,4615,5677.6,5219.14,4358.22,5219.14,7.53999999999996,7.53999999999996,208.099999999999,1062.6,0,466
"45",1929-11-14,4354,5027.7,4574.57,4107.02,4574.57,7.86999999999989,7.86999999999989,212.900000000001,673.699999999997,0,461
"46",1929-11-15,4299,4793.1,4340.94,4119.12,4340.94,9.84000000000015,9.84000000000015,281,494.099999999999,0,462
"47",1929-11-16,4222,4614.8,4169.67,4127.92,4169.67,7.86999999999989,7.86999999999989,357.800000000003,392.800000000003,0,453
"48",1929-11-17,4163,4485,4032.2,4049.92,4032.2,8.19999999999982,8.19999999999982,346.800000000003,322,0,461
"49",1929-11-18,14024,14307.7,13883.37,16089.52,13883.37,19.6700000000001,19.6700000000001,2508.4,283.699999999997,0,444
"50",1929-11-19,9536,9782.5,9365.96,10851.42,9365.96,12.46,12.46,1743.3,246.5,0,429
"51",1929-11-20,7941,8182.7,7758.21,8493.02,7758.21,9.51000000000022,9.51000000000022,984.900000000001,241.699999999997,0,434
"52",1929-11-21,28495,28733.2,28315.73,28759.62,28315.73,8.5300000000002,8.5300000000002,689.5,238.199999999997,0,426
"53",1929-11-22,36653,36861.1,36452.97,36774.22,36452.97,7.86999999999989,7.86999999999989,536.099999999999,208.099999999999,0,416
"54",1929-11-23,21253,21465.9,21072.1,21292.12,21072.1,8.19999999999982,8.19999999999982,440,212.900000000001,0,402
"55",1929-11-24,14321,14602,14208.53,14307.82,14208.53,8.5300000000002,8.5300000000002,387.699999999997,281,0,402
"56",1929-11-25,10804,11161.8,10767.34,10746.42,10767.34,7.53999999999996,7.53999999999996,343.300000000003,357.800000000003,0,402
"57",1929-11-26,8076,8422.8,8010.34,7960.82,8010.34,7.53999999999996,7.53999999999996,303.699999999997,346.800000000003,0,420
"58",1929-11-27,6627,9135.4,8712.61,6429.82,8712.61,7.21000000000004,7.21000000000004,231.699999999997,2508.4,0,430
"59",1929-11-28,5634,7377.3,6950.19,5438.72,6950.19,6.88999999999987,6.88999999999987,237.599999999999,1743.3,0,434
"60",1929-11-29,5446,6430.9,6014.46,5249.92,6014.46,6.55999999999995,6.55999999999995,225.800000000003,984.900000000001,0,423
"61",1929-11-30,5073,5762.5,5368.4,4872.82,5368.4,5.90000000000009,5.90000000000009,198.699999999997,689.5,0,400
"62",1929-12-01,4779,5315.1,4898,4528.52,4898,5.90000000000009,5.90000000000009,171.400000000001,536.099999999999,0,423
"63",1929-12-02,4621,5061,4622.23,4348.52,4622.23,6.23000000000002,6.23000000000002,171.400000000001,440,0,445
"64",1929-12-03,4427,4814.7,4393.59,4171.52,4393.59,6.88999999999987,6.88999999999987,171.400000000001,387.699999999997,0,428
"65",1929-12-04,3716,4059.3,3643.53,3466.52,3643.53,6.23000000000002,6.23000000000002,171.400000000001,343.300000000003,0,422
"66",1929-12-05,3645,3948.7,3552.59,3414.52,3552.59,6.88999999999987,6.88999999999987,171.400000000001,303.699999999997,0,403
"67",1929-12-06,3824,4055.7,3655.24,3606.82,3655.24,7.53999999999996,7.53999999999996,189.699999999997,231.699999999997,0,408
"68",1929-12-07,4195,4432.6,4030.47,4055.62,4030.47,7.86999999999989,7.86999999999989,269.5,237.599999999999,0,410
"69",1929-12-08,4547,4772.8,4367.67,4876.72,4367.67,7.86999999999989,7.86999999999989,741.599999999999,225.800000000003,0,413
"70",1929-12-09,4734,4932.7,4530.24,4943.22,4530.24,7.53999999999996,7.53999999999996,618.099999999999,198.699999999997,0,410
"71",1929-12-10,4581,4752.4,4355.61,4638.82,4355.61,7.21000000000004,7.21000000000004,460.699999999997,171.400000000001,0,404
"72",1929-12-11,4469,4640.4,4227.29,4463.22,4227.29,6.88999999999987,6.88999999999987,413.099999999999,171.400000000001,0,420
"73",1929-12-12,4278,4449.4,4030.96,4238.52,4030.96,6.55999999999995,6.55999999999995,384.400000000001,171.400000000001,0,425
"74",1929-12-13,4576,4747.4,4351.25,4901.52,4351.25,8.84999999999991,8.84999999999991,729.400000000001,171.400000000001,0,405
"75",1929-12-14,4903,5074.4,4658.56,5896.62,4658.56,10.1599999999999,10.1599999999999,1418.5,171.400000000001,0,426
"76",1929-12-15,4693,4882.7,4453.23,5451.22,4453.23,8.5300000000002,8.5300000000002,1195.1,189.699999999997,0,438
"77",1929-12-16,4468,4737.5,4300.03,4870.32,4300.03,8.5300000000002,8.5300000000002,847.199999999997,269.5,0,446
"78",1929-12-17,4755,5496.6,5065.47,4961.92,5065.47,7.86999999999989,7.86999999999989,644.800000000003,741.599999999999,0,439
"79",1929-12-18,6536,7154.1,6722.97,6648.32,6722.97,7.86999999999989,7.86999999999989,550.199999999997,618.099999999999,0,439
"80",1929-12-19,7073,7533.7,7084.23,7213.32,7084.23,8.5300000000002,8.5300000000002,597.199999999997,460.699999999997,0,458
"81",1929-12-20,6580,6993.1,6565.66,6744.82,6565.66,6.55999999999995,6.55999999999995,597.699999999997,413.099999999999,0,434
"82",1929-12-21,5658,6042.4,5630.99,5529.62,5630.99,4.59000000000015,4.59000000000015,286.5,384.400000000001,0,416
"83",1929-12-22,4905,5634.4,5209.99,4717.52,5209.99,4.59000000000015,4.59000000000015,240.400000000001,729.400000000001,0,429
"84",1929-12-23,4634,6052.5,5614.42,4432.52,5614.42,4.92000000000007,4.92000000000007,240.400000000001,1418.5,0,443
"85",1929-12-24,4595,5790.1,5357.02,4398.52,5357.02,4.92000000000007,4.92000000000007,240.400000000001,1195.1,0,438
"86",1929-12-25,4717,5564.2,5127.12,4516.52,5127.12,4.92000000000007,4.92000000000007,240.400000000001,847.199999999997,0,442
"87",1929-12-26,4544,5188.8,4756.72,4348.52,4756.72,4.92000000000007,4.92000000000007,240.400000000001,644.800000000003,0,437
"88",1929-12-27,4554,5104.2,4669.09,4363.02,4669.09,6.88999999999987,6.88999999999987,249.900000000001,550.199999999997,0,442
"89",1929-12-28,4650,5247.2,4806.38,4724.82,4806.38,9.17999999999984,9.17999999999984,523.699999999997,597.199999999997,0,450
"90",1929-12-29,6031,6628.7,6186.19,6315.52,6186.19,10.4899999999998,10.4899999999998,736.400000000001,597.699999999997,0,453
"91",1929-12-30,6285,6571.5,6136.65,6405.72,6136.65,11.1500000000001,11.1500000000001,565.599999999999,286.5,0,446
"92",1929-12-31,7331,7571.4,7133.55,7386.82,7133.55,11.1500000000001,11.1500000000001,503.699999999997,240.400000000001,0,449
"93",1930-01-01,12027,12267.4,11823.91,12062.72,11823.91,9.51000000000022,9.51000000000022,487.599999999999,240.400000000001,0,453
"94",1930-01-02,13230,13470.4,13037.55,13399.22,13037.55,11.1500000000001,11.1500000000001,612.099999999999,240.400000000001,0,444
"95",1930-01-03,11809,12049.4,11625.55,12112.92,11625.55,11.1500000000001,11.1500000000001,737.800000000003,240.400000000001,0,435
"96",1930-01-04,10063,10303.4,9885.25,10304.32,9885.25,8.84999999999991,8.84999999999991,667.199999999997,240.400000000001,0,427
"97",1930-01-05,8604,8853.9,8426.1,8652.22,8426.1,8.19999999999982,8.19999999999982,483.099999999999,249.900000000001,0,436
"98",1930-01-06,7710,8233.7,7831.23,7748.82,7831.23,8.5300000000002,8.5300000000002,448.699999999997,523.699999999997,0,411
"99",1930-01-07,7119,7855.4,7450.6,7130.82,7450.6,8.19999999999982,8.19999999999982,423.699999999997,736.400000000001,0,413
"100",1930-01-08,6726,7291.6,6871.8,6691.02,6871.8,8.19999999999982,8.19999999999982,391.900000000001,565.599999999999,0,428
"101",1930-01-09,6110,6613.7,6191.57,6078.62,6191.57,7.86999999999989,7.86999999999989,397.5,503.699999999997,0,430
"102",1930-01-10,5661,6148.6,5723.14,5612.42,5723.14,7.53999999999996,7.53999999999996,383.300000000003,487.599999999999,0,433
"103",1930-01-11,5218,5830.1,5410.66,5124.12,5410.66,6.55999999999995,6.55999999999995,331,612.099999999999,0,426
"104",1930-01-12,5093,5830.8,5400.01,4970.82,5400.01,7.21000000000004,7.21000000000004,314.699999999997,737.800000000003,0,438
"105",1930-01-13,4831,5498.2,5072.74,4739.72,5072.74,7.53999999999996,7.53999999999996,340.599999999999,667.199999999997,0,433
"106",1930-01-14,5098,5581.1,5149.58,4966.52,5149.58,11.48,11.48,310.400000000001,483.099999999999,0,443
"107",1930-01-15,6236,6684.7,6252.54,6089.22,6252.54,9.84000000000015,9.84000000000015,294.099999999999,448.699999999997,0,442
"108",1930-01-16,5109,5532.7,5096.23,4935.72,5096.23,8.5300000000002,8.5300000000002,270.599999999999,423.699999999997,0,445
"109",1930-01-17,5227,5618.9,5190.1,5019.02,5190.1,8.19999999999982,8.19999999999982,227.900000000001,391.900000000001,0,437
"110",1930-01-18,5096,5493.5,5062.42,4859.32,5062.42,4.92000000000007,4.92000000000007,198.199999999997,397.5,0,436
"111",1930-01-19,4420,4803.3,4365.22,4111.62,4365.22,4.92000000000007,4.92000000000007,133.5,383.300000000003,0,443
"112",1930-01-20,4106,4437,4015.92,3794.12,4015.92,4.92000000000007,4.92000000000007,113,331,0,426
"113",1930-01-21,3805,4119.7,3687.62,3482.12,3687.62,4.92000000000007,4.92000000000007,113,314.699999999997,0,437
"114",1930-01-22,3292,3632.6,3226.52,2995.12,3226.52,4.92000000000007,4.92000000000007,113,340.599999999999,0,411
"115",1930-01-23,2965,3275.4,2874.32,2673.12,2874.32,4.92000000000007,4.92000000000007,113,310.400000000001,0,406
"116",1930-01-24,3202,3496.1,3085.02,2900.12,3085.02,4.92000000000007,4.92000000000007,113,294.099999999999,0,416
"117",1930-01-25,3397,3667.6,3257.52,3096.12,3257.52,4.92000000000007,4.92000000000007,113,270.599999999999,0,415
"118",1930-01-26,3102,3329.9,2925.82,2807.12,2925.82,4.92000000000007,4.92000000000007,113,227.900000000001,0,409
"119",1930-01-27,3197,3395.2,2999.12,2910.12,2999.12,4.92000000000007,4.92000000000007,113,198.199999999997,0,401
"120",1930-01-28,3245,3378.5,2958.42,2934.12,2958.42,4.92000000000007,4.92000000000007,113,133.5,0,425
"121",1930-01-29,3516,3629,3210.92,3207.12,3210.92,4.92000000000007,4.92000000000007,113,113,0,423
"122",1930-01-30,3143,3256,2833.92,2830.12,2833.92,4.92000000000007,4.92000000000007,113,113,0,427
"123",1930-01-31,3199,3312,2890.92,2887.12,2890.92,4.92000000000007,4.92000000000007,113,113,0,426
"124",1930-02-01,3289,3402,3001.9,2997.12,3001.9,5.90000000000009,5.90000000000009,113,113,0,406
"125",1930-02-02,3055,3168,2748.21,2742.12,2748.21,7.21000000000004,7.21000000000004,113,113,0,427
"126",1930-02-03,3047,3160,2735.15,2725.12,2735.15,11.1500000000001,11.1500000000001,113,113,0,436
"127",1930-02-04,4073,4186,3773.35,3755.12,3773.35,19.3499999999999,19.3499999999999,113,113,0,432
"128",1930-02-05,8378,8491,8098.1,8625.22,8098.1,34.0999999999999,34.0999999999999,673.099999999999,113,0,427
"129",1930-02-06,9087,9200,8807.66,9177.52,8807.66,20.6599999999999,20.6599999999999,502.400000000001,113,0,413
"130",1930-02-07,9218,9331,8919.41,9177.42,8919.41,15.4099999999999,15.4099999999999,385.300000000003,113,0,427
"131",1930-02-08,15702,15815,15411.43,15638.32,15411.43,14.4299999999998,14.4299999999998,353.199999999997,113,0,418
"132",1930-02-09,15402,15515,15099.79,15253.32,15099.79,12.79,12.79,278.199999999997,113,0,428
"133",1930-02-10,12278,12391,11979.44,12200.42,11979.44,13.4400000000001,13.4400000000001,346.300000000003,113,0,425
"134",1930-02-11,10276,10389,9975.12,10159.32,9975.12,13.1199999999999,13.1199999999999,309.199999999997,113,0,427
"135",1930-02-12,8785,8898,8476.13,8667.62,8476.13,12.1300000000001,12.1300000000001,315.5,113,0,434
"136",1930-02-13,8190,8303,7906.51,8231.12,7906.51,29.5100000000002,29.5100000000002,466,113,0,426
"137",1930-02-14,9031,9704.1,9310.35,9206.12,9310.35,25.25,25.25,593,673.099999999999,0,419
"138",1930-02-15,7371,7873.4,7456.48,7399.22,7456.48,15.0799999999999,15.0799999999999,459.099999999999,502.400000000001,0,432
"139",1930-02-16,6826,7211.3,6807.1,6657.42,6807.1,11.8000000000002,11.8000000000002,246.300000000003,385.300000000003,0,416
"140",1930-02-17,6781,7134.2,6740.68,6623.42,6740.68,11.48,11.48,246.300000000003,353.199999999997,0,405
"141",1930-02-18,6747,7025.2,6627.35,6585.42,6627.35,11.1500000000001,11.1500000000001,246.300000000003,278.199999999997,0,409
"142",1930-02-19,6516,6862.3,6452.76,6460.82,6452.76,12.46,12.46,365.699999999997,346.300000000003,0,422
"143",1930-02-20,5911,6220.2,5805.35,5898.92,5805.35,11.1500000000001,11.1500000000001,412.800000000003,309.199999999997,0,426
"144",1930-02-21,5852,6167.5,5761.65,5895.72,5761.65,11.1500000000001,11.1500000000001,459.599999999999,315.5,0,417
"145",1930-02-22,5389,5855,5450.16,5396.62,5450.16,10.1599999999999,10.1599999999999,421.5,466,0,415
"146",1930-02-23,5230,5823,5412.49,5213.42,5412.49,10.4899999999998,10.4899999999998,403.300000000003,593,0,421
"147",1930-02-24,5183,5642.1,5239.26,5202.12,5239.26,10.1599999999999,10.1599999999999,431,459.099999999999,0,413
"148",1930-02-25,5323,5569.3,5168.46,5727.02,5168.46,10.1599999999999,10.1599999999999,813.900000000001,246.300000000003,0,411
"149",1930-02-26,5323,5569.3,5158.79,5656.52,5158.79,10.4899999999998,10.4899999999998,753.400000000001,246.300000000003,0,421
"150",1930-02-27,6007,6253.3,5869.14,6379.32,5869.14,9.84000000000015,9.84000000000015,765.199999999997,246.300000000003,0,394
"151",1930-02-28,5816,6181.7,5804.55,6055.12,5804.55,8.84999999999991,8.84999999999991,624,365.699999999997,0,386
"152",1930-03-01,5932,6344.8,5963.33,6085.42,5963.33,8.5300000000002,8.5300000000002,542.300000000003,412.800000000003,0,390
"153",1930-03-02,5687,6146.6,5748.8,5783.02,5748.8,8.19999999999982,8.19999999999982,500.900000000001,459.599999999999,0,406
"154",1930-03-03,5271,5692.5,5301.37,5240.22,5301.37,7.86999999999989,7.86999999999989,367.099999999999,421.5,0,399
"155",1930-03-04,4957,5360.3,4974.51,4929.22,4974.51,7.21000000000004,7.21000000000004,364.099999999999,403.300000000003,0,393
"156",1930-03-05,4498,4929,4547.56,4451.02,4547.56,6.55999999999995,6.55999999999995,339.900000000001,431,0,388
"157",1930-03-06,4065,4878.9,4488.44,4079.92,4488.44,7.53999999999996,7.53999999999996,411.800000000003,813.900000000001,0,398
"158",1930-03-07,4263,5016.4,4641.91,4400.82,4641.91,9.51000000000022,9.51000000000022,520.699999999997,753.400000000001,0,384
"159",1930-03-08,17567,18332.2,18006.2,17961.42,18006.2,40,40,759.300000000003,765.199999999997,0,366
"160",1930-03-09,21808,22432,22085.03,22177.52,22085.03,18.0300000000002,18.0300000000002,733.400000000001,624,0,365
"161",1930-03-10,18363,18905.3,18544.05,18716.32,18544.05,14.75,14.75,728.199999999997,542.300000000003,0,376
"162",1930-03-11,15221,15721.9,15358.64,15702.42,15358.64,15.7399999999998,15.7399999999998,859.300000000003,500.900000000001,0,379
"163",1930-03-12,13405,13772.1,13415.18,13875.12,13415.18,15.0799999999999,15.0799999999999,841,367.099999999999,0,372
"164",1930-03-13,11779,12143.1,11769.89,12111.22,11769.89,12.79,12.79,717.099999999999,364.099999999999,0,386
"165",1930-03-14,10473,10812.9,10427.38,10969.92,10427.38,11.48,11.48,892.800000000003,339.900000000001,0,397
"166",1930-03-15,9388,9799.8,9442.95,9743.42,9442.95,11.1500000000001,11.1500000000001,722.300000000003,411.800000000003,0,368
"167",1930-03-16,8344,8864.7,8491.52,8567.52,8491.52,10.8200000000002,10.8200000000002,606.400000000001,520.699999999997,0,384
"168",1930-03-17,7526,8285.3,7906.45,7704.72,7906.45,11.1500000000001,11.1500000000001,567.599999999999,759.300000000003,0,390
"169",1930-03-18,6940,7673.4,7288.89,7114.02,7288.89,10.4899999999998,10.4899999999998,567.900000000001,733.400000000001,0,395
"170",1930-03-19,7166,7894.2,7519,8281.72,7519,11.8000000000002,11.8000000000002,1501.6,728.199999999997,0,387
"171",1930-03-20,6805,7664.3,7288.79,7320.02,7288.79,10.4899999999998,10.4899999999998,899.900000000001,859.300000000003,0,386
"172",1930-03-21,7133,7974,7584.84,7382.52,7584.84,9.84000000000015,9.84000000000015,647.400000000001,841,0,399
"173",1930-03-22,6929,7646.1,7269.28,7061.22,7269.28,9.17999999999984,9.17999999999984,517.099999999999,717.099999999999,0,386
"174",1930-03-23,6000,6892.8,6526.31,6056.62,6526.31,9.51000000000022,9.51000000000022,431.5,892.800000000003,0,376
"175",1930-03-24,5519,6241.3,5858.48,5527.12,5858.48,9.17999999999984,9.17999999999984,399,722.300000000003,0,392
"176",1930-03-25,5092,5698.4,5325.89,5081.42,5325.89,10.4899999999998,10.4899999999998,371.300000000003,606.400000000001,0,383
"177",1930-03-26,5355,5922.6,5554.75,5343.72,5554.75,11.1500000000001,11.1500000000001,366.599999999999,567.599999999999,0,379
"178",1930-03-27,5185,5752.9,5375.08,5119.42,5375.08,9.17999999999984,9.17999999999984,320.300000000003,567.900000000001,0,387
"179",1930-03-28,4947,6448.6,6073.45,4844.02,6073.45,8.84999999999991,8.84999999999991,279.900000000001,1501.6,0,384
"180",1930-03-29,4391,5290.9,4922.75,4314.42,4922.75,8.84999999999991,8.84999999999991,299.300000000003,899.900000000001,0,377
"181",1930-03-30,4396,5043.4,4663.25,4308.12,4663.25,8.84999999999991,8.84999999999991,300,647.400000000001,0,389
"182",1930-03-31,4119,4636.1,4249.63,3993.72,4249.63,8.5300000000002,8.5300000000002,268.599999999999,517.099999999999,0,395
"183",1930-04-01,3795,4226.5,3793.7,3600.82,3793.7,8.19999999999982,8.19999999999982,245.699999999997,431.5,0,441
"184",1930-04-02,3980,4379,3953.87,3953.72,3953.87,7.86999999999989,7.86999999999989,405.599999999999,399,0,433
"185",1930-04-03,3976,4347.3,3939.5,4021.02,3939.5,8.19999999999982,8.19999999999982,459.900000000001,371.300000000003,0,416
"186",1930-04-04,3860,4226.6,3810.13,3927.32,3810.13,8.5300000000002,8.5300000000002,491.199999999997,366.599999999999,0,425
"187",1930-04-05,3780,4100.3,3690.17,3753.42,3690.17,7.86999999999989,7.86999999999989,390.300000000003,320.300000000003,0,418
"188",1930-04-06,4494,4773.9,4416.76,4470.12,4416.76,48.8600000000001,48.8600000000001,381,279.900000000001,0,406
"189",1930-04-07,11421,11720.3,11349.02,11765.52,11349.02,36.7199999999998,36.7199999999998,751.400000000001,299.300000000003,0,408
"190",1930-04-08,10855,11155,10764.64,11375.92,10764.64,21.6399999999999,21.6399999999999,931.800000000003,300,0,412
"191",1930-04-09,9596,9864.6,9470.95,10085.82,9470.95,19.3499999999999,19.3499999999999,901.699999999997,268.599999999999,0,413
"192",1930-04-10,10080,10325.7,9921.08,10438.42,9921.08,17.3800000000001,17.3800000000001,779.300000000003,245.699999999997,0,422
"193",1930-04-11,10018,10423.6,9996.68,10230.82,9996.68,15.0799999999999,15.0799999999999,653.699999999997,405.599999999999,0,442
"194",1930-04-12,9938,10397.9,9970.33,10033.22,9970.33,14.4299999999998,14.4299999999998,536.099999999999,459.900000000001,0,442
"195",1930-04-13,6713,7204.2,6750.97,6701.62,6750.97,13.77,13.77,454.5,491.199999999997,0,467
"196",1930-04-14,6416,6806.3,6354.07,6349.72,6354.07,13.77,13.77,398.599999999999,390.300000000003,0,466
"197",1930-04-15,5063,5444,4999.44,4956.72,4999.44,13.4400000000001,13.4400000000001,350.599999999999,381,0,458
"198",1930-04-16,4883,5634.4,5192.48,4738.72,5192.48,15.0799999999999,15.0799999999999,311.599999999999,751.400000000001,0,457
"199",1930-04-17,4708,5639.8,5222.54,4644.02,5222.54,15.7399999999998,15.7399999999998,367.900000000001,931.800000000003,0,433
"200",1930-04-18,4698,5599.7,5172.44,4610.82,5172.44,15.7399999999998,15.7399999999998,354.699999999997,901.699999999997,0,443
"201",1930-04-19,4790,5569.3,5147.73,4744.62,5147.73,14.4299999999998,14.4299999999998,389.5,779.300000000003,0,436
"202",1930-04-20,4590,5243.7,4803.45,4476.22,4803.45,14.75,14.75,340.099999999999,653.699999999997,0,455
"203",1930-04-21,4239,4775.1,4335.2,4121.62,4335.2,14.0999999999999,14.0999999999999,335.5,536.099999999999,0,454
"204",1930-04-22,4293,4747.5,4313.27,4381.82,4313.27,13.77,13.77,535.699999999997,454.5,0,448
"205",1930-04-23,4387,4785.6,4338.04,4387.52,4338.04,13.4400000000001,13.4400000000001,460.400000000001,398.599999999999,0,461
"206",1930-04-24,4584,4934.6,4495.73,4528.62,4495.73,12.1300000000001,12.1300000000001,394.5,350.599999999999,0,451
"207",1930-04-25,5061,5372.6,4915.4,4948.32,4915.4,11.8000000000002,11.8000000000002,355.199999999997,311.599999999999,0,469
"208",1930-04-26,4756,5123.9,4669.05,4602.12,4669.05,11.1500000000001,11.1500000000001,311,367.900000000001,0,466
"209",1930-04-27,4420,4774.7,4308.85,4220.32,4308.85,11.1500000000001,11.1500000000001,276.199999999997,354.699999999997,0,477
"210",1930-04-28,4281,4670.5,4188.65,4037.72,4188.65,11.1500000000001,11.1500000000001,248.599999999999,389.5,0,493
"211",1930-04-29,3874,4214.1,3748.25,3628.22,3748.25,11.1500000000001,11.1500000000001,230.099999999999,340.099999999999,0,477
"212",1930-04-30,3560,3895.5,3419.65,3285.02,3419.65,11.1500000000001,11.1500000000001,210.900000000001,335.5,0,487
"213",1930-05-01,3526,4061.7,3535.52,3315.32,3535.52,10.8200000000002,10.8200000000002,325.199999999997,535.699999999997,0,537
"214",1930-05-02,3352,3812.4,3303.89,3142.52,3303.89,10.4899999999998,10.4899999999998,308.400000000001,460.400000000001,0,519
"215",1930-05-03,3180,3574.5,3112.99,2963.22,3112.99,10.4899999999998,10.4899999999998,254.099999999999,394.5,0,472
"216",1930-05-04,3598,3953.2,3482.36,3337.42,3482.36,10.1599999999999,10.1599999999999,219.300000000003,355.199999999997,0,481
"217",1930-05-05,3256,3567,3059.51,2939.62,3059.51,9.51000000000022,9.51000000000022,199.5,311,0,517
"218",1930-05-06,3305,3581.2,3072.38,2987.62,3072.38,9.17999999999984,9.17999999999984,199.5,276.199999999997,0,518
"219",1930-05-07,3106,3354.6,2860.45,2833.32,2860.45,8.84999999999991,8.84999999999991,229.199999999997,248.599999999999,0,503
"220",1930-05-08,2780,3010.1,2504.63,2487.92,2504.63,8.5300000000002,8.5300000000002,220.800000000003,230.099999999999,0,514
"221",1930-05-09,2864,3074.9,2559.77,2529.22,2559.77,7.86999999999989,7.86999999999989,187.099999999999,210.900000000001,0,523
"222",1930-05-10,2710,3035.2,2529.74,2365.92,2529.74,7.53999999999996,7.53999999999996,167.800000000003,325.199999999997,0,513
"223",1930-05-11,2592,2900.4,2388.94,2228.72,2388.94,7.53999999999996,7.53999999999996,154.599999999999,308.400000000001,0,519
"224",1930-05-12,2524,2778.1,2275.64,2155.22,2275.64,7.53999999999996,7.53999999999996,140.099999999999,254.099999999999,0,510
"225",1930-05-13,2431,2650.3,2138.51,2045.42,2138.51,7.21000000000004,7.21000000000004,132.300000000003,219.300000000003,0,519
"226",1930-05-14,2385,2584.5,2100.04,2022.22,2100.04,7.53999999999996,7.53999999999996,128.099999999999,199.5,0,492
"227",1930-05-15,2478,2677.5,2205.7,2130.22,2205.7,8.19999999999982,8.19999999999982,131.099999999999,199.5,0,480
"228",1930-05-16,2587,2816.2,2332.07,2236.92,2332.07,7.86999999999989,7.86999999999989,140.800000000003,229.199999999997,0,492
"229",1930-05-17,2397,2617.8,2133.34,2040.42,2133.34,7.53999999999996,7.53999999999996,134.300000000003,220.800000000003,0,492
"230",1930-05-18,2353,2540.1,2040.31,1968.02,2040.31,7.21000000000004,7.21000000000004,120.900000000001,187.099999999999,0,507
"231",1930-05-19,2350,2517.8,2037.67,2053.52,2037.67,7.86999999999989,7.86999999999989,190.400000000001,167.800000000003,0,488
"232",1930-05-20,2372,2526.6,2051.11,2072.42,2051.11,9.51000000000022,9.51000000000022,184.300000000003,154.599999999999,0,485
"233",1930-05-21,2472,2612.1,2119.31,2117.02,2119.31,7.21000000000004,7.21000000000004,143.900000000001,140.099999999999,0,500
"234",1930-05-22,2367,2499.3,1988.86,1971.52,1988.86,6.55999999999995,6.55999999999995,120.400000000001,132.300000000003,0,517
"235",1930-05-23,2203,2331.1,1827.66,1695.66954666096,1827.66,6.55999999999995,6.55999999999995,113,128.099999999999,0,510
"236",1930-05-24,2206,2337.1,1856.97,1723.324361001,1856.97,7.86999999999989,7.86999999999989,113,131.099999999999,0,488
"237",1930-05-25,2177,2317.8,1844.34,1676.29547124043,1844.34,7.53999999999996,7.53999999999996,113,140.800000000003,0,481
"238",1930-05-26,2103,2237.3,1757.86,1539.65235623335,1757.86,6.55999999999995,6.55999999999995,113,134.300000000003,0,486
"239",1930-05-27,1945,2065.9,1587.8,1288.27444067522,1587.8,5.90000000000009,5.90000000000009,113,120.900000000001,0,484
"240",1930-05-28,1748,1938.4,1454.63,1012.87158204005,1454.63,6.23000000000002,6.23000000000002,113,190.400000000001,0,490
"241",1930-05-29,1689,1873.3,1390.2,942.052542870786,1390.2,5.90000000000009,5.90000000000009,113,184.300000000003,0,489
"242",1930-05-30,1758,1901.9,1420.8,1028.42675983114,1420.8,5.90000000000009,5.90000000000009,113,143.900000000001,0,487
"243",1930-05-31,1662,1782.4,1300.97,912.436769444021,1300.97,5.57000000000016,5.57000000000016,113,120.400000000001,0,487
"244",1930-06-01,1607,1720,1222.92,835.362599319169,1222.92,4.92000000000007,4.92000000000007,113,113,0,502
"245",1930-06-02,1526,1639,1084.92,692.361054069399,1084.92,4.92000000000007,4.92000000000007,113,113,0,559
"246",1930-06-03,1448,1561,974.92,583.264480457239,974.92,4.92000000000007,4.92000000000007,113,113,0,591
"247",1930-06-04,1402,1515,918.59,530.270612668266,918.59,4.59000000000015,4.59000000000015,113,113,0,601
"248",1930-06-05,1388,1501,897.26,510.534918315856,897.26,4.26000000000022,4.26000000000022,113,113,0,608
"249",1930-06-06,1231,1344,751.26,389.181963231325,751.26,4.26000000000022,4.26000000000022,113,113,0,597
"250",1930-06-07,1227,1340,848.25,486.048184350159,848.25,5.25,5.25,113,113,0,497
"251",1930-06-08,1794,1907,1458.85,1104.57262509731,1458.85,8.84999999999991,8.84999999999991,113,113,0,457
"252",1930-06-09,1737,1850,1419.56,1052.19077311983,1419.56,6.55999999999995,6.55999999999995,113,113,0,437
"253",1930-06-10,1635,1748,1314.23,928.580000064034,1314.23,6.23000000000002,6.23000000000002,113,113,0,440
"254",1930-06-11,1699,1812,1342.92,1182.75843189259,1342.92,4.92000000000007,4.92000000000007,326.80000000001,113,0,474
"255",1930-06-12,1693,1806,1305.26,1085.10204399769,1305.26,4.26000000000022,4.26000000000022,267.300000000003,113,0,505
"256",1930-06-13,1594,1707,1186.26,860.934060172833,1186.26,4.26000000000022,4.26000000000022,175.800000000003,113,0,525
"257",1930-06-14,3071,3184,2643.26,2662.52,2643.26,4.26000000000022,4.26000000000022,135.400000000001,113,0,545
"258",1930-06-15,3292,3405,2860.26,2857.12,2860.26,4.26000000000022,4.26000000000022,113,113,0,549
"259",1930-06-16,2647,2760,2205.61,2203.12,2205.61,3.61000000000013,3.61000000000013,113,113,0,558
"260",1930-06-17,2519,2632,2116.92,2113.12,2116.92,4.92000000000007,4.92000000000007,113,113,0,520
"261",1930-06-18,2303,2416,1919.54,1898.63972705171,1919.54,7.53999999999996,7.53999999999996,113,113,0,504
"262",1930-06-19,2229,2342,1835.93,1745.18892320992,1835.93,3.92999999999984,3.92999999999984,113,113,0,510
"263",1930-06-20,2691,3017.80000000001,2481.41000000001,2265.12,2481.41000000001,3.61000000000013,3.61000000000013,113,326.80000000001,0,540
"264",1930-06-21,2343,2610.3,2090.91,1934.12,2090.91,3.61000000000013,3.61000000000013,113,267.300000000003,0,523
"265",1930-06-22,2137,2312.8,1763.41,1532.04938621489,1763.41,3.61000000000013,3.61000000000013,113,175.800000000003,0,553
"266",1930-06-23,2061,2196.4,1615.65,1370.74502447294,1615.65,3.25,3.25,113,135.400000000001,0,584
"267",1930-06-24,1767,1880,1286.61,929.823438824416,1286.61,3.61000000000013,3.61000000000013,113,113,0,597
"268",1930-06-25,1823,1936,1354.61,1014.8484655309,1354.61,3.61000000000013,3.61000000000013,113,113,0,585
"269",1930-06-26,1864,1977,1403.82,1079.69589424444,1403.82,2.82000000000016,2.82000000000016,113,113,0,576
"270",1930-06-27,1912,2025,1430.69,1126.75138787709,1430.69,2.69000000000005,2.69000000000005,113,113,0,597
"271",1930-06-28,1899,2012,1457.59,1148.02844344535,1457.59,2.59000000000015,2.59000000000015,113,113,0,557
"272",1930-06-29,1843,1956,1418.59,1086.83371657199,1418.59,2.59000000000015,2.59000000000015,113,113,0,540
"273",1930-06-30,1504,1617,1042.43,652.065139159216,1042.43,2.42999999999984,2.42999999999984,113,113,0,577
"274",1930-07-01,1362,1475,839.25,456.304465520855,839.25,3.25,3.25,113,113,0,639
"275",1930-07-02,1670,1783,1178.28,800.724445695797,1178.28,3.2800000000002,3.2800000000002,113,113,0,608
"276",1930-07-03,1746,1859,1291.43,930.374077620682,1291.43,2.42999999999984,2.42999999999984,113,113,0,570
"277",1930-07-04,1867,1980,1415.23,1092.86377326359,1415.23,2.23000000000002,2.23000000000002,113,113,0,567
"278",1930-07-05,1341,1454,861.16,481.934224730863,861.16,2.15999999999985,2.15999999999985,113,113,0,595
"279",1930-07-06,1271,1384,790.16,422.148132686106,790.16,2.15999999999985,2.15999999999985,113,113,0,596
"280",1930-07-07,1302,1415,780.03,406.725665035264,780.03,2.0300000000002,2.0300000000002,113,113,0,637
"281",1930-07-08,1129,1242,657.77,323.691305736475,657.77,1.76999999999998,1.76999999999998,113,113,0,586
"282",1930-07-09,1107,1220,584.77,257.093917588895,584.77,1.76999999999998,1.76999999999998,113,113,0,637
"283",1930-07-10,1116,1229,573.71,243.437362590876,573.71,1.71000000000004,1.71000000000004,113,113,0,657
"284",1930-07-11,1031,1144,481.67,178.527380391958,481.67,1.67000000000007,1.67000000000007,113,113,0,664
"285",1930-07-12,966,1079,445.61,166.137991332218,445.61,1.61000000000013,1.61000000000013,113,113,0,635
"286",1930-07-13,958,1071,473.57,197.209226639763,473.57,1.57000000000016,1.57000000000016,113,113,0,599
"287",1930-07-14,932,1045,442.71,176.433633015564,442.71,1.71000000000004,1.71000000000004,113,113,0,604
"288",1930-07-15,870,983,388.57,148.271634518238,388.57,1.57000000000016,1.57000000000016,113,113,0,596
"289",1930-07-16,814,927,322.44,107.299057087416,322.44,1.44000000000005,1.44000000000005,113,113,0,606
"290",1930-07-17,782,895,251.51,51.28882334036,251.51,1.51000000000022,1.51000000000022,113,113,0,645
"291",1930-07-18,781,894,253.44,53.7651071070094,253.44,1.44000000000005,1.44000000000005,113,113,0,642
"292",1930-07-19,793,906,263.44,58.0809182543961,263.44,1.44000000000005,1.44000000000005,113,113,0,644
"293",1930-07-20,767,880,216.41,23.4823564372173,216.41,1.40999999999985,1.40999999999985,113,113,0,665
"294",1930-07-21,743,856,187.12,6.20915726747978,187.12,1.12,1.12,113,113,0,670
"295",1930-07-22,657,770,148.24,-13,148.24,63.2399999999998,63.2399999999998,150.655483893768,113,0,685
"296",1930-07-23,632,745,148.88,-13.0000000000001,148.88,73.88,73.88,147.229835758827,113,0,670
"297",1930-07-24,865,978,342.12,104.442322888535,342.12,1.12,1.12,113,113,0,637
"298",1930-07-25,737,850,189.12,11.1820563465734,189.12,1.12,1.12,113,113,0,662
"299",1930-07-26,618,731,148.88,-13.0000000000001,148.88,103.88,103.88,169.598620227319,113,0,686
"300",1930-07-27,569,682,148.88,-13,148.88,138.88,138.88,177.267909473704,113,0,672
"301",1930-07-28,673,786,148.88,-13,148.88,45.88,45.88,141.110054152275,113,0,683
"302",1930-07-29,657,770,148.88,-13,148.88,29.88,29.88,116.655483893768,113,0,651
"303",1930-07-30,633,746,148.88,-12.9999999999999,148.88,87.88,87.88,161.771844545879,113,0,685
"304",1930-07-31,558,708.655483893768,148.88,-13,148.88,99.2245161062317,99.2245161062317,169.002494305339,150.655483893768,0,659
"305",1930-08-01,521,668.229835758827,148.88,-13,148.88,134.650164241173,134.650164241173,179.588271833016,147.229835758827,0,654
"306",1930-08-02,492,605,148.88,-12.9999999999999,148.88,199.88,199.88,193.446463386159,113,0,656
"307",1930-08-03,502,615,148.88,-13,148.88,193.88,193.88,193.392345390915,113,0,660
"308",1930-08-04,552,721.598620227319,148.88,-13.0000000000001,148.88,104.281379772681,104.281379772681,189.565307014144,169.598620227319,0,677
"309",1930-08-05,580,757.267909473704,148.88,-13,148.88,65.6120905262964,65.6120905262964,174.486219466346,177.267909473704,0,674
"310",1930-08-06,581,722.110054152275,148.88,-13,148.88,120.769945847725,120.769945847725,194.049168420396,141.110054152275,0,694
"311",1930-08-07,558,674.655483893768,148.88,-13,148.88,163.224516106232,163.224516106232,199.002494305339,116.655483893768,0,689
"312",1930-08-08,609,770.771844545879,148.88,-13,148.88,66.1081554541213,66.1081554541213,175.65066646169,161.771844545879,0,688
"313",1930-08-09,632,801.002494305339,148.88,-13.0000000000001,148.88,28.8775056946611,28.8775056946611,158.229835758827,169.002494305339,0,681
"314",1930-08-10,552,731.588271833016,148.88,-13.0000000000001,148.88,106.291728166984,106.291728166984,201.565307014144,179.588271833016,0,689
"315",1930-08-11,561,754.446463386159,148.88,-13,148.88,38.4335366138409,38.4335366138409,152.715888904285,193.446463386159,0,644
"316",1930-08-12,577,770.392345390915,167.512345390915,-5.79501500471713,167.512345390915,1.12,1.12,113,193.392345390915,0,604
"317",1930-08-13,547,736.565307014144,148.88,-13,148.88,29.3146929858556,29.3146929858556,131.690438001702,189.565307014144,0,617
"318",1930-08-14,544,718.486219466346,148.88,9.03906612216201,148.88,5.39378053365374,5.39378053365374,113,174.486219466346,0,575
"319",1930-08-15,534,728.049168420396,148.88,-13.0000000000001,148.88,14.8308315796038,14.8308315796038,114.171230717693,194.049168420396,0,594
"320",1930-08-16,505,704.002494305339,148.88,-13,148.88,41.8775056946611,41.8775056946611,129.168977920581,199.002494305339,0,597
"321",1930-08-17,497,672.65066646169,148.88,-13,148.88,84.2293335383102,84.2293335383102,143.423965263585,175.65066646169,0,608
"322",1930-08-18,493,651.229835758827,148.88,-13,148.88,123.650164241173,123.650164241173,163.042691533127,158.229835758827,0,626
"323",1930-08-19,540,741.565307014144,148.88,-13.0000000000001,148.88,5.31469298585557,5.31469298585557,115.649601091134,201.565307014144,0,598
"324",1930-08-20,556,708.715888904285,148.88,-13,148.88,53.1641110957154,53.1641110957154,123.858303356375,152.715888904285,0,613
"325",1930-08-21,533,646,148.88,-13,148.88,107.88,107.88,125.590180054566,113,0,605
"326",1930-08-22,498,629.690438001702,148.88,-13,148.88,103.189561998298,103.189561998298,119.018372342886,131.690438001702,0,584
"327",1930-08-23,482,595,148.88,-2.46425801975522,148.88,114.88,114.88,113,113,0,561
"328",1930-08-24,465,579.171230717693,148.88,-13.0000000000001,148.88,148.708769282307,148.708769282307,127.212066504782,114.171230717693,0,579
"329",1930-08-25,456,585.168977920581,148.88,-12.9999999999999,148.88,174.711022079419,174.711022079419,162.742857756942,129.168977920581,0,611
"330",1930-08-26,487,630.423965263585,148.88,-13.0000000000001,148.88,122.456034736415,122.456034736415,143.459880714292,143.423965263585,0,604
"331",1930-08-27,488,651.042691533127,148.88,-13,148.88,101.837308466873,101.837308466873,143.057921752535,163.042691533127,0,604
"332",1930-08-28,545,660.649601091134,148.88,-0.537816343998315,148.88,73.2303989088664,73.2303989088664,113,115.649601091134,0,585
"333",1930-08-29,579,702.858303356375,148.88,39.0771226566925,148.88,6.02169664362498,6.02169664362498,113,123.858303356375,0,560
"334",1930-08-30,565,690.590180054566,148.88,20.0049976328697,148.88,31.2898199454338,31.2898199454338,113,125.590180054566,0,573
"335",1930-08-31,548,667.018372342886,148.88,12.733823493132,148.88,54.8616276571142,54.8616276571142,113,119.018372342886,0,573
"336",1930-09-01,609,722,179.12,68.3493335383102,179.12,1.12,1.12,113,113,0,544
"337",1930-09-02,567,694.212066504782,148.88,28.8677668879908,148.88,19.667933495218,19.667933495218,113,127.212066504782,0,565
"338",1930-09-03,617,779.742857756942,232.862857756942,67.9495298938311,232.862857756942,1.12,1.12,113,162.742857756942,0,548
"339",1930-09-04,601,744.459880714292,185.579880714292,48.7749655030179,185.579880714292,1.12,1.12,113,143.459880714292,0,560
"340",1930-09-05,564,707.057921752535,152.177921752535,36.5741950252527,152.177921752535,1.12,1.12,113,143.057921752535,0,556
"341",1930-09-06,553,666,148.88,42.8608679595142,148.88,27.88,27.88,113,113,0,545
"342",1930-09-07,537,650,148.88,39.087881996623,148.88,40.88,40.88,113,113,0,542
"343",1930-09-08,535,648,148.88,74.2480958433092,148.88,6.88,6.88,113,113,0,506
"344",1930-09-09,562,675,186.12,101.713752105155,186.12,1.12,1.12,113,113,0,490
"345",1930-09-10,676,789,280.12,133.316850155485,280.12,1.12,1.12,113,113,0,510
"346",1930-09-11,850,963,456.12,225.030379900703,456.12,1.12,1.12,113,113,0,508
"347",1930-09-12,656,769,253.12,116.876524669472,253.12,1.12,1.12,113,113,0,517
"348",1930-09-13,586,699,208.12,110.141996745746,208.12,1.12,1.12,113,113,0,492
"349",1930-09-14,593,706,216.12,114.226240491915,216.12,1.12,1.12,113,113,0,491
"350",1930-09-15,728,841,339.12,165.671944302954,339.12,1.12,1.12,113,113,0,503
"351",1930-09-16,689,802,296.12,142.544815856297,296.12,1.12,1.12,113,113,0,507
"352",1930-09-17,714,827,309.12,142.728425833599,309.12,1.12,1.12,113,113,0,519
"353",1930-09-18,712,825,320.12,154.743617260713,320.12,1.12,1.12,113,113,0,506
"354",1930-09-19,654,767,263.12,127.941804425661,263.12,1.12,1.12,113,113,0,505
"355",1930-09-20,612,725,212.12,99.6963704203296,212.12,1.12,1.12,113,113,0,514
"356",1930-09-21,568,681,163.12,75.2997342343381,163.12,1.12,1.12,113,113,0,519
"357",1930-09-22,564,677,148.88,60.5741950252527,148.88,3.88,3.88,113,113,0,532
"358",1930-09-23,578,691,163.12,69.6408575950271,163.12,1.12,1.12,113,113,0,529
"359",1930-09-24,589,702,170.12,70.4614365791748,170.12,1.12,1.12,113,113,0,533
"360",1930-09-25,609,722,185.12,74.3493335383102,185.12,1.12,1.12,113,113,0,538
"361",1930-09-26,614,727,175.12,61.5964176866131,175.12,1.12,1.12,113,113,0,553
"362",1930-09-27,607,720,185.12,75.4533273854005,185.12,1.12,1.12,113,113,0,536
"363",1930-09-28,545,658,148.88,54.4621836560017,148.88,20.88,20.88,113,113,0,530
"364",1930-09-29,608,721,190.12,79.9011288604846,190.12,1.12,1.12,113,113,0,532
"365",1930-09-30,567,680,173.12,85.8677668879908,173.12,1.12,1.12,113,113,0,508
"366",1930-10-01,586,699,244.12,146.141996745746,244.12,1.12,1.12,113,113,0,456
"367",1930-10-02,592,705,242.12,140.784443713844,242.12,1.12,1.12,113,113,0,464
"368",1930-10-03,569,682,210.12,121.732090526296,210.12,1.12,1.12,113,113,0,473
"369",1930-10-04,580,693,220.12,125.513780533654,220.12,1.12,1.12,113,113,0,474
"370",1930-10-05,551,664,191.12,113.008901397124,191.12,1.12,1.12,113,113,0,474
"371",1930-10-06,509,622,148.88,61.4673253375619,148.88,34.88,34.88,113,113,0,508
"372",1930-10-07,496,609,148.88,67.1708066851278,148.88,36.88,36.88,113,113,0,497
"373",1930-10-08,538,651,148.88,74.5083422691614,148.88,4.88,4.88,113,113,0,507
"374",1930-10-09,520,633,148.88,79.9976519738711,148.88,9.88,9.88,113,113,0,494
"375",1930-10-10,519,632,151.12,91.5839482816812,151.12,1.12,1.12,113,113,0,482
"376",1930-10-11,538,651,163.12,92.5083422691614,163.12,1.12,1.12,113,113,0,489
"377",1930-10-12,515,628,148.88,78.9328518246735,148.88,13.88,13.88,113,113,0,493
"378",1930-10-13,567,680,181.12,93.8677668879908,181.12,1.12,1.12,113,113,0,500
"379",1930-10-14,534,647,169.12,100.828769282307,169.12,1.12,1.12,113,113,0,479
"380",1930-10-15,533,646,151.12,83.4098199454338,151.12,1.12,1.12,113,113,0,496
"381",1930-10-16,534,647,148.88,78.8287692823072,148.88,2.88,2.88,113,113,0,501
"382",1930-10-17,508,621,148.88,77.0576971051127,148.88,19.88,19.88,113,113,0,492
"383",1930-10-18,515,628,152.12,94.9328518246735,152.12,1.12,1.12,113,113,0,477
"384",1930-10-19,480,593,148.88,64.7365131664046,148.88,48.88,48.88,113,113,0,493
"385",1930-10-20,541,654,162.12,89.7719959580987,162.12,1.12,1.12,113,113,0,493
"386",1930-10-21,490,603,148.88,97.7470822745842,148.88,9.88,9.88,113,113,0,464
"387",1930-10-22,518,631,166.12,107.170616755314,166.12,1.12,1.12,113,113,0,466
"388",1930-10-23,534,647,180.12,111.828769282307,180.12,1.12,1.12,113,113,0,468
"389",1930-10-24,526,639,182.12,118.487708396036,182.12,1.12,1.12,113,113,0,458
"390",1930-10-25,550,663,204.12,126.583492848429,204.12,1.12,1.12,113,113,0,460
"391",1930-10-26,532,645,166.12,98.99124749334,166.12,1.12,1.12,113,113,0,480
"392",1930-10-27,497,610,148.88,69.5760347364146,148.88,33.88,33.88,113,113,0,495
"393",1930-10-28,535,648,148.88,77.2480958433092,148.88,3.88,3.88,113,113,0,503
"394",1930-10-29,568,681,218.12,130.299734234338,218.12,1.12,1.12,113,113,0,464
"395",1930-10-30,559,672,227.12,144.425988238008,227.12,1.12,1.12,113,113,0,446
"396",1930-10-31,571,684,228.12,138.597971348196,228.12,1.12,1.12,113,113,0,457
"397",1930-11-01,539,652,230.12,158.929181126283,230.12,1.12,1.12,113,113,0,423
"398",1930-11-02,499,612,204.12,156.387585775757,204.12,1.12,1.12,113,113,0,409
"399",1930-11-03,540,653,230.12,158.350398908866,230.12,1.12,1.12,113,113,0,424
"400",1930-11-04,572,685,265.12,175.0314965795,265.12,1.12,1.12,113,113,0,421
"401",1930-11-05,642,755,349.12,220.368677991293,349.12,1.12,1.12,113,113,0,407
"402",1930-11-06,641,754,335.12,206.90696198447,335.12,1.12,1.12,113,113,0,420
"403",1930-11-07,606,719,302.12,193.005928750339,302.12,1.12,1.12,113,113,0,418
"404",1930-11-08,562,675,253.12,168.713752105155,253.12,1.12,1.12,113,113,0,423
"405",1930-11-09,623,736,312.12,193.666739217617,312.12,1.12,1.12,113,113,0,425
"406",1930-11-10,642,755,303.12,174.368677991293,303.12,1.12,1.12,113,113,0,453
"407",1930-11-11,587,700,262.12,163.581414251034,262.12,1.12,1.12,113,113,0,439
"408",1930-11-12,626,739,305.12,185.030856142652,305.12,1.12,1.12,113,113,0,435
"409",1930-11-13,643,756,320.12,190.830809729574,320.12,1.12,1.12,113,113,0,437
"410",1930-11-14,616,729,297.12,182.498086496928,297.12,1.12,1.12,113,113,0,433
"411",1930-11-15,571,684,252.12,162.597971348196,252.12,1.12,1.12,113,113,0,433
"412",1930-11-16,614,727,307.12,193.596417686613,307.12,1.12,1.12,113,113,0,421
"413",1930-11-17,692,805,384.12,228.99241624021,384.12,1.12,1.12,113,113,0,422
"414",1930-11-18,694,807,394.12,237.959656844832,394.12,1.12,1.12,113,113,0,414
"415",1930-11-19,849,962,534.12,303.473611142316,534.12,1.12,1.12,113,113,0,429
"416",1930-11-20,1083,1196,777.12,457.427130271653,777.12,1.12,1.12,113,113,0,420
"417",1930-11-21,755,868,437.12,250.312619536684,437.12,1.12,1.12,113,113,0,432
"418",1930-11-22,660,773,338.12,199.751020225829,338.12,1.12,1.12,113,113,0,436
"419",1930-11-23,673,786,356.12,210.889945847725,356.12,1.12,1.12,113,113,0,431
"420",1930-11-24,660,773,328.12,189.751020225829,328.12,1.12,1.12,113,113,0,446
"421",1930-11-25,660,773,338.12,199.751020225829,338.12,1.12,1.12,113,113,0,436
"422",1930-11-26,610,723,270.12,158.797941781923,270.12,1.12,1.12,113,113,0,454
"423",1930-11-27,828,941,502.12,280.896476435016,502.12,1.12,1.12,113,113,0,440
"424",1930-11-28,553,666,239.12,159.860867959514,239.12,1.12,1.12,113,113,0,428
"425",1930-11-29,466,579,162.12,134.182011944065,162.12,1.12,1.12,113,113,0,418
"426",1930-11-30,458,571,148.88,111.039292823437,148.88,15.88,15.88,113,113,0,438
"427",1930-12-01,772,885,444.12,249.072811192994,444.12,1.12,1.12,113,113,0,442
"428",1930-12-02,656,769,330.12,193.876524669472,330.12,1.12,1.12,113,113,0,440
"429",1930-12-03,516,629,169.12,111.345068861157,169.12,1.12,1.12,113,113,0,461
"430",1930-12-04,558,671,228.12,145.997505694661,228.12,1.12,1.12,113,113,0,444
"431",1930-12-05,863,976,505.12,268.314158360015,505.12,1.12,1.12,113,113,0,472
"432",1930-12-06,864,977,498.12,260.877986787273,498.12,1.12,1.12,113,113,0,480
"433",1930-12-07,876,989,524.12,281.683657515518,524.12,1.12,1.12,113,113,0,466
"434",1930-12-08,867,980,513.12,274.572519941929,513.12,1.12,1.12,113,113,0,468
"435",1930-12-09,766,879,402.12,209.965662863409,402.12,1.12,1.12,113,113,0,478
"436",1930-12-10,911,1024,552.12,294.958566083423,552.12,1.12,1.12,113,113,0,473
"437",1930-12-11,1017,1130,645.12,347.407026291816,645.12,1.12,1.12,113,113,0,486
"438",1930-12-12,947,1060,591.12,319.489859045964,591.12,1.12,1.12,113,113,0,470
"439",1930-12-13,1135,1248,780.12,444.99901112428,780.12,1.12,1.12,113,113,0,469
"440",1930-12-14,1359,1472,995.12,614.658840664721,995.12,1.12,1.12,113,113,0,478
"441",1930-12-15,1462,1575,1109.12,720.706809743961,1109.12,1.12,1.12,113,113,0,467
"442",1930-12-16,1273,1386,899.12,531.776848729627,899.12,1.12,1.12,113,113,0,488
"443",1930-12-17,695,808,324.12,167.443930426416,324.12,1.12,1.12,113,113,0,485
"444",1930-12-18,490,603,148.88,70.7470822745842,148.88,36.88,36.88,113,113,0,491
"445",1930-12-19,1113,1226,736.12,407.317169260893,736.12,1.12,1.12,113,113,0,491
"446",1930-12-20,1080,1193,712.12,393.36898077207,712.12,1.12,1.12,113,113,0,482
"447",1930-12-21,810,923,441.12,228.145890507166,441.12,1.12,1.12,113,113,0,483
"448",1930-12-22,997,1110,624.12,333.575688304702,624.12,1.12,1.12,113,113,0,487
"449",1930-12-23,792,905,424.12,219.551991480718,424.12,1.12,1.12,113,113,0,482
"450",1930-12-24,786,899,441.12,239.388408089382,441.12,1.12,1.12,113,113,0,459
"451",1930-12-25,740,853,365.12,185.693563515146,365.12,1.12,1.12,113,113,0,489
"452",1930-12-26,1070,1183,709.12,393.548478244824,709.12,1.12,1.12,113,113,0,475
"453",1930-12-27,2594,2707,2234.12,2234.12,2234.12,1.12,1.12,113,113,0,474
"454",1930-12-28,5510,5623,5150.12,5150.12,5150.12,1.12,1.12,113,113,0,474
"455",1930-12-29,3711,3824,3351.12,3351.12,3351.12,1.12,1.12,113,113,0,474
"456",1930-12-30,2489,2602,2147.12,2147.12,2147.12,1.12,1.12,113,113,0,456
"457",1930-12-31,1702,1815,1353.12,983.551143636971,1353.12,1.12,1.12,113,113,0,463
"458",1931-01-01,1567,1680,1222.12,835.109100008301,1222.12,1.12,1.12,113,113,0,459
"459",1931-01-02,2046,2159,1691.12,1461.0635613671,1691.12,1.12,1.12,113,113,0,469
"460",1931-01-03,1903,2016,1545.12,1238.76603531052,1545.12,1.12,1.12,113,113,0,472
"461",1931-01-04,1645,1758,1300.12,920.921098455059,1300.12,1.12,1.12,113,113,0,459
"462",1931-01-05,1629,1742,1284.12,902.824173212838,1284.12,1.12,1.12,113,113,0,459
"463",1931-01-06,2589,2702,2246.12,2246.12,2246.12,1.12,1.12,113,113,0,457
"464",1931-01-07,3861,3974,3515.12,3515.12,3515.12,1.12,1.12,113,113,0,460
"465",1931-01-08,2834,2947,2488.12,2488.12,2488.12,1.12,1.12,113,113,0,460
"466",1931-01-09,2944,3057,2602.12,2602.12,2602.12,1.12,1.12,113,113,0,456
"467",1931-01-10,3104,3217,2760.12,2760.12,2760.12,1.12,1.12,113,113,0,458
"468",1931-01-11,3441,3554,3100.12,3100.12,3100.12,1.12,1.12,113,113,0,455
"469",1931-01-12,3008,3121,2665.12,2665.12,2665.12,1.12,1.12,113,113,0,457
"470",1931-01-13,2542,2655,2207.12,2207.12,2207.12,1.12,1.12,113,113,0,449
"471",1931-01-14,2207,2320,1853.12,1745.21269454854,1853.12,1.12,1.12,113,113,0,468
"472",1931-01-15,1996,2109,1642.12,1382.15747181798,1642.12,1.12,1.12,113,113,0,468
"473",1931-01-16,2090,2203,1749.12,1548.41775373071,1749.12,1.12,1.12,113,113,0,455
"474",1931-01-17,1835,1948,1506.12,1172.98129341845,1506.12,1.12,1.12,113,113,0,443
"475",1931-01-18,1708,1821,1377.12,1008.76573367427,1377.12,1.12,1.12,113,113,0,445
"476",1931-01-19,1807,1920,1493.12,1150.60727921516,1493.12,1.12,1.12,113,113,0,428
"477",1931-01-20,2327,2440,2013.12,2013.12,2013.12,1.12,1.12,113,113,0,428
"478",1931-01-21,2469,2582,2142.12,2142.12,2142.12,1.12,1.12,113,113,0,441
"479",1931-01-22,1696,1809,1376.12,1005.37540738624,1376.12,1.12,1.12,113,113,0,434
"480",1931-01-23,1289,1402,972.12,601.91265819347,972.12,1.12,1.12,113,113,0,431
"481",1931-01-24,1515,1628,1189.12,800.157914675602,1189.12,1.12,1.12,113,113,0,440
"482",1931-01-25,1509,1622,1179.12,790.093698057263,1179.12,1.12,1.12,113,113,0,444
"483",1931-01-26,1406,1519,1094.12,708.938953926328,1094.12,1.12,1.12,113,113,0,426
"484",1931-01-27,1347,1460,1022.12,643.147484678051,1022.12,1.12,1.12,113,113,0,439
"485",1931-01-28,1343,1456,1020.12,641.668851030699,1020.12,1.12,1.12,113,113,0,437
"486",1931-01-29,1385,1498,1060.12,676.826655836021,1060.12,1.12,1.12,113,113,0,439
"487",1931-01-30,1412,1525,1087.12,701.466286644458,1087.12,1.12,1.12,113,113,0,439
"488",1931-01-31,2347,2460,2047.12,2047.12,2047.12,1.12,1.12,113,113,0,414
"489",1931-02-01,2939,3052,2630.12,2630.12,2630.12,1.12,1.12,113,113,0,423
"490",1931-02-02,2486,2599,2183.12,2183.12,2183.12,1.12,1.12,113,113,0,417
"491",1931-02-03,1987,2100,1674.12,1409.15236554948,1674.12,1.12,1.12,113,113,0,427
"492",1931-02-04,1363,1476,1072.12,691.187929038772,1072.12,1.12,1.12,113,113,0,405
"493",1931-02-05,882,995,579.12,334.114155273943,579.12,1.12,1.12,113,113,0,417
"494",1931-02-06,792,905,486.12,281.551991480718,486.12,1.12,1.12,113,113,0,420
"495",1931-02-07,991,1104,682.12,393.771109196571,682.12,1.12,1.12,113,113,0,423
"496",1931-02-08,958,1071,659.12,383.209226639763,659.12,1.12,1.12,113,113,0,413
"497",1931-02-09,1192,1305,909.12,559.103552443072,909.12,1.12,1.12,113,113,0,397
"498",1931-02-10,1451,1564,1161.12,773.130738261258,1161.12,1.12,1.12,113,113,0,404
"499",1931-02-11,1840,1953,1544.12,1212.75489841963,1544.12,1.12,1.12,113,113,0,410
"500",1931-02-12,2005,2118,1711.12,1456.27648012777,1711.12,1.12,1.12,113,113,0,408
"501",1931-02-13,3188,3301,2895.12,2895.12,2895.12,1.12,1.12,113,113,0,407
"502",1931-02-14,3860,3973,3587.12,3587.12,3587.12,1.12,1.12,113,113,0,387
"503",1931-02-15,3117,3230,2827.12,2827.12,2827.12,1.12,1.12,113,113,0,404
"504",1931-02-16,2912,3025,2627.12,2627.12,2627.12,1.12,1.12,113,113,0,399
"505",1931-02-17,2247,2360,1948.12,1877.15671413013,1948.12,1.12,1.12,113,113,0,413
"506",1931-02-18,1912,2025,1585.12,1282.75138787709,1585.12,1.12,1.12,113,113,0,441
"507",1931-02-19,1694,1807,1366.12,994.992093279135,1366.12,1.12,1.12,113,113,0,442
"508",1931-02-20,1872,1985,1557.12,1237.8352944014,1557.12,1.12,1.12,113,113,0,429
"509",1931-02-21,2247,2360,1924.12,1853.15671413013,1924.12,1.12,1.12,113,113,0,437
"510",1931-02-22,2758,2871,2426.12,2426.12,2426.12,1.12,1.12,113,113,0,446
"511",1931-02-23,3193,3306,2872.12,2872.12,2872.12,1.12,1.12,113,113,0,435
"512",1931-02-24,3091,3204,2767.12,2767.12,2767.12,1.12,1.12,113,113,0,438
"513",1931-02-25,2950,3063,2614.12,2614.12,2614.12,1.12,1.12,113,113,0,450
"514",1931-02-26,2556,2669,2222.12,2222.12,2222.12,1.12,1.12,113,113,0,448
"515",1931-02-27,2162,2275,1830.12,1683.89795173392,1830.12,1.12,1.12,113,113,0,446
"516",1931-02-28,1789,1902,1453.12,1105.07372178372,1453.12,1.12,1.12,113,113,0,450
"517",1931-03-01,1698,1811,1382.12,1011.76301532202,1382.12,1.12,1.12,113,113,0,430
"518",1931-03-02,2002,2115,1701.12,1444.55743121428,1701.12,1.12,1.12,113,113,0,415
"519",1931-03-03,2224,2337,1925.12,1832.57575889738,1925.12,1.12,1.12,113,113,0,413
"520",1931-03-04,3361,3474,3054.12,3054.12,3054.12,1.12,1.12,113,113,0,421
"521",1931-03-05,4518,4631,4200.12,4200.12,4200.12,1.12,1.12,113,113,0,432
"522",1931-03-06,3847,3960,3520.12,3520.12,3520.12,1.12,1.12,113,113,0,441
"523",1931-03-07,3514,3627,3195.12,3195.12,3195.12,1.12,1.12,113,113,0,433
"524",1931-03-08,3317,3430,3005.12,3005.12,3005.12,1.12,1.12,113,113,0,426
"525",1931-03-09,3712,3825,3405.12,3405.12,3405.12,1.12,1.12,113,113,0,421
"526",1931-03-10,4438,4551,4148.12,4148.12,4148.12,1.12,1.12,113,113,0,404
"527",1931-03-11,3989,4102,3687.12,3687.12,3687.12,1.12,1.12,113,113,0,416
"528",1931-03-12,3340,3453,3043.12,3043.12,3043.12,1.12,1.12,113,113,0,411
"529",1931-03-13,3392,3505,3078.12,3078.12,3078.12,1.12,1.12,113,113,0,428
"530",1931-03-14,3111,3224,2796.12,2796.12,2796.12,1.12,1.12,113,113,0,429
"531",1931-03-15,2843,2956,2559.12,2559.12,2559.12,1.12,1.12,113,113,0,398
"532",1931-03-16,2538,2651,2281.12,2281.12,2281.12,1.12,1.12,113,113,0,371
"533",1931-03-17,2423,2536,2159.12,2159.12,2159.12,1.12,1.12,113,113,0,378
"534",1931-03-18,2551,2664,2270.12,2270.12,2270.12,1.12,1.12,113,113,0,395
"535",1931-03-19,2585,2698,2304.12,2304.12,2304.12,1.12,1.12,113,113,0,395
"536",1931-03-20,3265,3378,2985.12,2985.12,2985.12,1.12,1.12,113,113,0,394
"537",1931-03-21,3262,3375,2997.12,2997.12,2997.12,1.12,1.12,113,113,0,379
"538",1931-03-22,3125,3238,2865.12,2865.12,2865.12,1.12,1.12,113,113,0,374
"539",1931-03-23,2984,3097,2727.12,2727.12,2727.12,1.12,1.12,113,113,0,371
"540",1931-03-24,3060,3173,2786.12,2786.12,2786.12,1.12,1.12,113,113,0,388
"541",1931-03-25,3015,3128,2737.12,2737.12,2737.12,1.12,1.12,113,113,0,392
"542",1931-03-26,2901,3014,2621.12,2621.12,2621.12,1.12,1.12,113,113,0,394
"543",1931-03-27,3157,3270,2873.12,3448.64981878365,2873.12,1.12,1.12,688.529818783645,113,0,398
"544",1931-03-28,3161,3274,2881.12,3689.12,2881.12,1.12,1.12,921,113,0,394
"545",1931-03-29,5900,6013,5607.12,7565.02,5607.12,1.12,1.12,2070.9,113,0,407
"546",1931-03-30,15163,15276,14861.12,16098.82,14861.12,1.12,1.12,1350.7,113,0,416
"547",1931-03-31,16962,17075,16680.12,17536.62,16680.12,1.12,1.12,969.5,113,0,396
"548",1931-04-01,14990,15103,14687.12,15438.82,14687.12,1.12,1.12,864.699999999997,113,0,417
"549",1931-04-02,19553,19666,19239.12,19961.42,19239.12,1.12,1.12,835.300000000003,113,0,428
"550",1931-04-03,22946,23059,22623.12,23314.22,22623.12,1.12,1.12,804.099999999999,113,0,437
"551",1931-04-04,18143,18256,17819.12,20000.82,17819.12,1.12,1.12,2294.7,113,0,438
"552",1931-04-05,13009,13697.5298187836,13268.6498187836,14321.42,13268.6498187836,1.12,1.12,1741.3,688.529818783645,0,430
"553",1931-04-06,12059,12980,12548.12,12912.12,12548.12,1.12,1.12,1285,921,0,433
"554",1931-04-07,13993,16063.9,15666.02,14643.12,15666.02,1.12,1.12,1048,2070.9,0,399
"555",1931-04-08,13390,14740.7,14338.82,13945.82,14338.82,1.12,1.12,957.699999999997,1350.7,0,403
"556",1931-04-09,13784,14753.5,14322.62,14810.02,14322.62,1.12,1.12,1456.9,969.5,0,432
"557",1931-04-10,12414,13278.7,12821.82,13302.62,12821.82,1.12,1.12,1345.5,864.699999999997,0,458
"558",1931-04-11,11955,12790.3,12344.42,12750.62,12344.42,1.12,1.12,1241.5,835.300000000003,0,447
"559",1931-04-12,11737,12541.1,12093.22,12284.62,12093.22,1.12,1.12,995.5,804.099999999999,0,449
"560",1931-04-13,9627,11921.7,11478.82,9923.92,11478.82,1.12,1.12,739.800000000003,2294.7,0,444
"561",1931-04-14,7657,9398.3,8976.42,7836.22,8976.42,1.12,1.12,601.099999999999,1741.3,0,423
"562",1931-04-15,6199,7484,7029.12,6242.62,7029.12,1.12,1.12,498.5,1285,0,456
"563",1931-04-16,5362,6410,5976.12,5346.52,5976.12,1.12,1.12,418.400000000001,1048,0,435
"564",1931-04-17,4587,5544.7,5105.82,4518.22,5105.82,1.12,1.12,370.099999999999,957.699999999997,0,440
"565",1931-04-18,3861,5317.9,4911.02,3805.72,4911.02,1.12,1.12,351.599999999999,1456.9,0,408
"566",1931-04-19,3308,4653.5,4241.62,3211.02,4241.62,1.12,1.12,314.900000000001,1345.5,0,413
"567",1931-04-20,3061,4302.5,3870.62,2905.52,3870.62,1.12,1.12,276.400000000001,1241.5,0,433
"568",1931-04-21,2863,3858.5,3436.62,2689.82,3436.62,1.12,1.12,248.699999999997,995.5,0,423
"569",1931-04-22,2818,3557.8,3166.92,2735.52,3166.92,1.12,1.12,308.400000000001,739.800000000003,0,392
"570",1931-04-23,4275,4876.1,4488.22,4736.82,4488.22,1.12,1.12,849.699999999997,601.099999999999,0,389
"571",1931-04-24,5728,6226.5,5833.62,5955.12,5833.62,1.12,1.12,620,498.5,0,394
"572",1931-04-25,9519,9937.4,9532.52,10009.92,9532.52,1.12,1.12,895.800000000003,418.400000000001,0,406
"573",1931-04-26,9504,9874.1,9467.22,10197.22,9467.22,1.12,1.12,1100.1,370.099999999999,0,408
"574",1931-04-27,8569,8920.6,8517.72,9404.72,8517.72,1.12,1.12,1238.6,351.599999999999,0,404
"575",1931-04-28,8148,8462.9,8062.02,8744.92,8062.02,1.12,1.12,997.800000000003,314.900000000001,0,402
"576",1931-04-29,7989,8265.4,7861.52,8355.62,7861.52,1.12,1.12,770.5,276.400000000001,0,405
"577",1931-04-30,7345,7593.7,7185.82,7557.12,7185.82,1.12,1.12,620,248.699999999997,0,409
"578",1931-05-01,5991,6299.4,5844.52,6038.02,5844.52,1.12,1.12,501.900000000001,308.400000000001,0,456
"579",1931-05-02,5001,5850.7,5382.82,4943.52,5382.82,1.12,1.12,410.400000000001,849.699999999997,0,469
"580",1931-05-03,4327,4947,4472.12,4325.32,4472.12,1.12,1.12,473.199999999997,620,0,476
"581",1931-05-04,3668,4563.8,4092.92,3667.12,4092.92,1.12,1.12,470,895.800000000003,0,472
"582",1931-05-05,3171,4271.1,3809.22,3094.02,3809.22,1.12,1.12,384.900000000001,1100.1,0,463
"583",1931-05-06,2750,3988.6,3500.72,2604.82,3500.72,1.12,1.12,342.699999999997,1238.6,0,489
"584",1931-05-07,2601,3598.8,3146.92,2470.62,3146.92,1.12,1.12,321.5,997.800000000003,0,453
"585",1931-05-08,2813,3583.5,3127.62,3682.02,3127.62,1.12,1.12,1324.9,770.5,0,457
"586",1931-05-09,5123,5743,5273.12,5747.92,5273.12,1.12,1.12,1094.8,620,0,471
"587",1931-05-10,11959,12460.9,11987.02,12276.22,11987.02,1.12,1.12,791.099999999999,501.900000000001,0,475
"588",1931-05-11,11233,11643.4,11190.52,11427.92,11190.52,1.12,1.12,647.800000000003,410.400000000001,0,454
"589",1931-05-12,8659,9132.2,8690.32,8798.82,8690.32,1.12,1.12,581.699999999997,473.199999999997,0,443
"590",1931-05-13,7116,7586,7150.12,8019.62,7150.12,1.12,1.12,1339.5,470,0,437
"591",1931-05-14,6965,7349.9,6916.02,8497.62,6916.02,1.12,1.12,1966.5,384.900000000001,0,435
"592",1931-05-15,17937,18279.7,17808.82,18841.12,17808.82,1.12,1.12,1375,342.699999999997,0,472
"593",1931-05-16,18205,18526.5,18050.62,18783.02,18050.62,1.12,1.12,1053.9,321.5,0,477
"594",1931-05-17,12850,14174.9,13673.02,13129.82,13673.02,1.12,1.12,781.699999999997,1324.9,0,503
"595",1931-05-18,9849,10943.8,10426.92,9947.02,10426.92,1.12,1.12,614.900000000001,1094.8,0,518
"596",1931-05-19,7619,8410.1,7916.22,7685.62,7916.22,1.12,1.12,560.5,791.099999999999,0,495
"597",1931-05-20,6497,7144.8,6630.92,7312.92,6630.92,1.12,1.12,1329.8,647.800000000003,0,515
"598",1931-05-21,5604,6185.7,5686.82,7103.72,5686.82,1.12,1.12,1998.6,581.699999999997,0,500
"599",1931-05-22,6456,7795.5,7305.62,7388.02,7305.62,1.12,1.12,1421.9,1339.5,0,491
"600",1931-05-23,12202,14168.5,13678.62,13459.12,13678.62,1.12,1.12,1747,1966.5,0,491
"601",1931-05-24,17972,19347,18847.12,18863.02,18847.12,1.12,1.12,1390.9,1375,0,501
"602",1931-05-25,19542,20595.9,20080.02,20166.32,20080.02,1.12,1.12,1140.2,1053.9,0,517
"603",1931-05-26,14562,15343.7,14829.82,15085.62,14829.82,1.12,1.12,1037.5,781.699999999997,0,515
"604",1931-05-27,11559,12173.9,11662.02,11804.92,11662.02,1.12,1.12,757.800000000003,614.900000000001,0,513
"605",1931-05-28,9050,9610.5,9087.62,9085.22,9087.62,1.12,1.12,558.099999999999,560.5,0,524
"606",1931-05-29,6650,7979.8,7454.92,6573.72,7454.92,1.12,1.12,448.599999999999,1329.8,0,526
"607",1931-05-30,5006,7004.6,6484.72,4893.22,6484.72,1.12,1.12,407.099999999999,1998.6,0,521
"608",1931-05-31,4008,5429.9,4909.02,4201.92,4909.02,1.12,1.12,714.800000000003,1421.9,0,522
"609",1931-06-01,4745,6492,5977.12,4764.42,5977.12,1.12,1.12,534.300000000003,1747,0,516
"610",1931-06-02,5547,6937.9,6442.02,5495.02,6442.02,1.12,1.12,443.900000000001,1390.9,0,497
"611",1931-06-03,6173,7313.2,6772.32,5980.12,6772.32,1.12,1.12,348,1140.2,0,542
"612",1931-06-04,5804,6841.5,6276.62,5518.42,6276.62,1.12,1.12,279.300000000003,1037.5,0,566
"613",1931-06-05,5294,6051.8,5454.92,4993.32,5454.92,1.12,1.12,296.199999999997,757.800000000003,0,598
"614",1931-06-06,4657,5215.1,4628.22,4427.62,4628.22,1.12,1.12,357.5,558.099999999999,0,588
"615",1931-06-07,4018,4466.6,3845.72,3740.82,3845.72,1.12,1.12,343.699999999997,448.599999999999,0,622
"616",1931-06-08,4108,4515.1,3915.22,4050.12,3915.22,1.12,1.12,542,407.099999999999,0,601
"617",1931-06-09,4078,4792.8,4232.92,3900.52,4232.92,1.12,1.12,382.400000000001,714.800000000003,0,561
"618",1931-06-10,3530,4064.3,3506.42,3256.12,3506.42,1.12,1.12,284,534.300000000003,0,559
"619",1931-06-11,3524,3967.9,3379.02,3157.02,3379.02,1.12,1.12,221.900000000001,443.900000000001,0,590
"620",1931-06-12,3357,3705,3075.12,2895.22,3075.12,1.12,1.12,168.099999999999,348,0,631
"621",1931-06-13,3045,3324.3,2687.42,2553.92,2687.42,1.12,1.12,145.800000000003,279.300000000003,0,638
"622",1931-06-14,2693,2989.2,2370.32,2261.02,2370.32,1.12,1.12,186.900000000001,296.199999999997,0,620
"623",1931-06-15,2348,2705.5,2090.62,2054.32,2090.62,1.12,1.12,321.199999999997,357.5,0,616
"624",1931-06-16,3177,3520.7,2942.82,2873.12,2942.82,1.12,1.12,274,343.699999999997,0,579
"625",1931-06-17,2903,3445,2863.12,2523.82,2863.12,1.12,1.12,202.699999999997,542,0,583
"626",1931-06-18,5675,6057.4,5455.52,5228.12,5455.52,1.12,1.12,155,382.400000000001,0,603
"627",1931-06-19,6875,7159,6526.12,6359.72,6526.12,1.12,1.12,117.599999999999,284,0,634
"628",1931-06-20,5028,5249.9,4582.02,4473.12,4582.02,1.12,1.12,113,221.900000000001,0,669
"629",1931-06-21,3898,4066.1,3404.22,3349.12,3404.22,1.12,1.12,113,168.099999999999,0,663
"630",1931-06-22,2947,3092.8,2442.92,2410.12,2442.92,1.12,1.12,113,145.800000000003,0,651
"631",1931-06-23,2786,2972.9,2368.02,2294.12,2368.02,1.12,1.12,113,186.900000000001,0,606
"632",1931-06-24,3563,3884.2,3314.32,3106.12,3314.32,1.12,1.12,113,321.199999999997,0,571
"633",1931-06-25,2607,2881,2315.12,2154.12,2315.12,1.12,1.12,113,274,0,567
"634",1931-06-26,2700,2902.7,2315.82,2226.12,2315.82,1.12,1.12,113,202.699999999997,0,588
"635",1931-06-27,3937,4092,3486.12,3444.12,3486.12,1.12,1.12,113,155,0,607
"636",1931-06-28,3967,4084.6,3481.72,3477.12,3481.72,1.12,1.12,113,117.599999999999,0,604
"637",1931-06-29,3122,3235,2633.12,2633.12,2633.12,1.12,1.12,113,113,0,603
"638",1931-06-30,2517,2630,2002.12,2002.12,2002.12,1.12,1.12,113,113,0,629
"639",1931-07-01,2487,2600,1901.12,1901.12,1901.12,1.12,1.12,113,113,0,700
"640",1931-07-02,4235,4348,3666.12,3666.12,3666.12,1.12,1.12,113,113,0,683
"641",1931-07-03,3309,3422,2775.12,2775.12,2775.12,1.12,1.12,113,113,0,648
"642",1931-07-04,2206,2319,1711.12,1602.324361001,1711.12,1.12,1.12,113,113,0,609
"643",1931-07-05,1889,2002,1404.12,1091.77450638506,1404.12,1.12,1.12,113,113,0,599
"644",1931-07-06,2929,3042,2431.12,2431.12,2431.12,1.12,1.12,113,113,0,612
"645",1931-07-07,3751,3864,3276.12,3276.12,3276.12,1.12,1.12,113,113,0,589
"646",1931-07-08,3751,3864,3245.12,3245.12,3245.12,1.12,1.12,113,113,0,620
"647",1931-07-09,4026,4139,3513.12,3513.12,3513.12,1.12,1.12,113,113,0,627
"648",1931-07-10,4160,4273,3674.12,3674.12,3674.12,1.12,1.12,113,113,0,600
"649",1931-07-11,4304,4417,3841.12,3841.12,3841.12,1.12,1.12,113,113,0,577
"650",1931-07-12,6122,6235,5673.12,5673.12,5673.12,1.12,1.12,113,113,0,563
"651",1931-07-13,7060,7173,6596.12,6596.12,6596.12,1.12,1.12,113,113,0,578
"652",1931-07-14,5114,5227,4610.12,4610.12,4610.12,1.12,1.12,113,113,0,618
"653",1931-07-15,4139,4252,3627.12,3627.12,3627.12,1.12,1.12,113,113,0,626
"654",1931-07-16,3499,3612,3007.12,3007.12,3007.12,1.12,1.12,113,113,0,606
"655",1931-07-17,3039,3152,2556.12,2556.12,2556.12,1.12,1.12,113,113,0,597
"656",1931-07-18,3959,4072,3487.12,3487.12,3487.12,1.12,1.12,113,113,0,586
"657",1931-07-19,5603,5716,5116.12,5116.12,5116.12,1.12,1.12,113,113,0,601
"658",1931-07-20,6142,6255,5614.12,5614.12,5614.12,1.12,1.12,113,113,0,642
"659",1931-07-21,6184,6297,5650.12,5650.12,5650.12,1.12,1.12,113,113,0,648
"660",1931-07-22,5425,5538,4903.12,4903.12,4903.12,1.12,1.12,113,113,0,636
"661",1931-07-23,5467,5580,4955.12,4955.12,4955.12,1.12,1.12,113,113,0,626
"662",1931-07-24,6159,6272,5654.12,5654.12,5654.12,1.12,1.12,113,113,0,619
"663",1931-07-25,5168,5281,4701.12,4701.12,4701.12,1.12,1.12,113,113,0,581
"664",1931-07-26,4267,4380,3797.12,3797.12,3797.12,1.12,1.12,113,113,0,584
"665",1931-07-27,4708,4821,4185.12,4185.12,4185.12,1.12,1.12,113,113,0,637
"666",1931-07-28,3640,3753,3109.12,3109.12,3109.12,1.12,1.12,113,113,0,645
"667",1931-07-29,2945,3058,2398.12,2398.12,2398.12,1.12,1.12,113,113,0,661
"668",1931-07-30,2740,2853,2204.12,2204.12,2204.12,1.12,1.12,113,113,0,650
"669",1931-07-31,2414,2527,1883.12,1883.12,1883.12,1.12,1.12,113,113,0,645
"670",1931-08-01,2232,2345,1750.12,1664.97762052733,1750.12,1.12,1.12,113,113,0,596
"671",1931-08-02,2014,2127,1547.12,1297.51031683204,1547.12,1.12,1.12,113,113,0,581
"672",1931-08-03,1870,1983,1354.12,1034.0429207617,1354.12,1.12,1.12,113,113,0,630
"673",1931-08-04,2000,2113,1473.12,1215.41846975093,1473.12,1.12,1.12,113,113,0,641
"674",1931-08-05,2272,2385,1760.12,1713.67250390325,1760.12,1.12,1.12,113,113,0,626
"675",1931-08-06,2609,2722,2103.12,2103.12,2103.12,1.12,1.12,113,113,0,620
"676",1931-08-07,2275,2388,1730.12,1686.68961510852,1730.12,1.12,1.12,113,113,0,659
"677",1931-08-08,2192,2305,1644.12,1523.06536513196,1644.12,1.12,1.12,113,113,0,662
"678",1931-08-09,2312,2425,1822.12,1817.25201484382,1822.12,1.12,1.12,113,113,0,604
"679",1931-08-10,2646,2759,2164.12,2164.12,2164.12,1.12,1.12,113,113,0,596
"680",1931-08-11,4432,4545,3963.12,3963.12,3963.12,1.12,1.12,113,113,0,583
"681",1931-08-12,4306,4419,3893.12,3893.12,3893.12,1.12,1.12,113,113,0,527
"682",1931-08-13,3072,3185,2673.12,2673.12,2673.12,1.12,1.12,113,113,0,513
"683",1931-08-14,2495,2608,2055.12,2055.12,2055.12,1.12,1.12,113,113,0,554
"684",1931-08-15,2032,2145,1595.12,1356.32621856776,1595.12,1.12,1.12,113,113,0,551
"685",1931-08-16,1764,1877,1333.12,978.014284212378,1333.12,1.12,1.12,113,113,0,545
"686",1931-08-17,1634,1747,1173.12,792.451493967894,1173.12,1.12,1.12,113,113,0,575
"687",1931-08-18,1512,1625,1037.12,648.121713022702,1037.12,1.12,1.12,113,113,0,589
"688",1931-08-19,1552,1665,1104.12,716.286291424307,1104.12,1.12,1.12,113,113,0,562
"689",1931-08-20,1477,1590,1068.12,679.298504001056,1068.12,1.12,1.12,113,113,0,523
"690",1931-08-21,1472,1585,1078.12,689.412702032269,1078.12,1.12,1.12,113,113,0,508
"691",1931-08-22,1704,1817,1341.12,971.951679529676,1341.12,1.12,1.12,113,113,0,477
"692",1931-08-23,2001,2114,1666.12,1408.98724421632,1666.12,1.12,1.12,113,113,0,449
"693",1931-08-24,1845,1958,1472.12,1142.55905332906,1472.12,1.12,1.12,113,113,0,487
"694",1931-08-25,5082,5195,4662.12,4662.12,4662.12,1.12,1.12,113,113,0,534
"695",1931-08-26,9087,9200,8646.12,8646.12,8646.12,1.12,1.12,113,113,0,555
"696",1931-08-27,6757,6870,6353.12,6353.12,6353.12,1.12,1.12,113,113,0,518
"697",1931-08-28,5198,5311,4798.12,4798.12,4798.12,1.12,1.12,113,113,0,514
"698",1931-08-29,4104,4217,3692.12,3692.12,3692.12,1.12,1.12,113,113,0,526
"699",1931-08-30,5333,5446,4914.12,4914.12,4914.12,1.12,1.12,113,113,0,533
"700",1931-08-31,4059,4172,3619.12,3619.12,3619.12,1.12,1.12,113,113,0,554
"701",1931-09-01,3304,3417,2872.12,2872.12,2872.12,1.12,1.12,113,113,0,546
"702",1931-09-02,2808,2921,2352.12,2352.12,2352.12,1.12,1.12,113,113,0,570
"703",1931-09-03,2657,2770,2207.12,2207.12,2207.12,1.12,1.12,113,113,0,564
"704",1931-09-04,2552,2665,2112.12,2112.12,2112.12,1.12,1.12,113,113,0,554
"705",1931-09-05,3009,3122,2578.12,2578.12,2578.12,1.12,1.12,113,113,0,545
"706",1931-09-06,2400,2513,1936.12,1936.12,1936.12,1.12,1.12,113,113,0,578
"707",1931-09-07,2098,2211,1638.12,1443.06978589664,1638.12,1.12,1.12,113,113,0,574
"708",1931-09-08,2223,2336,1777.12,1683.65831169505,1777.12,1.12,1.12,113,113,0,560
"709",1931-09-09,1895,2008,1448.12,1138.31146977589,1448.12,1.12,1.12,113,113,0,561
"710",1931-09-10,1473,1586,1019.12,630.388104329292,1019.12,1.12,1.12,113,113,0,568
"711",1931-09-11,1322,1435,870.12,494.610070781118,870.12,1.12,1.12,113,113,0,566
"712",1931-09-12,1261,1374,805.12,440.048383038582,805.12,1.12,1.12,113,113,0,570
"713",1931-09-13,1216,1329,741.12,385.488236977841,741.12,1.12,1.12,113,113,0,589
"714",1931-09-14,1181,1294,712.12,364.809040851576,712.12,1.12,1.12,113,113,0,583
"715",1931-09-15,1209,1322,733.12,379.084955293529,733.12,1.12,1.12,113,113,0,590
"716",1931-09-16,1228,1341,740.12,381.830571737587,740.12,1.12,1.12,113,113,0,602
"717",1931-09-17,1158,1271,682.12,340.729065331452,682.12,1.12,1.12,113,113,0,590
"718",1931-09-18,1563,1676,1089.12,701.868776410296,1089.12,1.12,1.12,113,113,0,588
"719",1931-09-19,1336,1449,895.12,517.611294607294,895.12,1.12,1.12,113,113,0,555
"720",1931-09-20,1217,1330,760.12,404.262916944816,760.12,1.12,1.12,113,113,0,571
"721",1931-09-21,923,1036,461.12,199.058292108456,461.12,1.12,1.12,113,113,0,576
"722",1931-09-22,932,1045,475.12,209.433633015564,475.12,1.12,1.12,113,113,0,571
"723",1931-09-23,1126,1239,705.12,372.546160460285,705.12,1.12,1.12,113,113,0,535
"724",1931-09-24,1517,1630,1114.12,725.186608198442,1114.12,1.12,1.12,113,113,0,517
"725",1931-09-25,1797,1910,1396.12,1050.48602790147,1396.12,1.12,1.12,113,113,0,515
"726",1931-09-26,1473,1586,1084.12,695.388104329292,1084.12,1.12,1.12,113,113,0,503
"727",1931-09-27,1635,1748,1244.12,863.580000064034,1244.12,1.12,1.12,113,113,0,505
"728",1931-09-28,1840,1953,1437.12,1105.75489841963,1437.12,1.12,1.12,113,113,0,517
"729",1931-09-29,1900,2013,1501.12,1193.46090555571,1501.12,1.12,1.12,113,113,0,513
"730",1931-09-30,1876,1989,1472.12,1154.43514314114,1472.12,1.12,1.12,113,113,0,518
"731",1931-10-01,2058,2171,1692.12,1469.78203995098,1692.12,1.12,1.12,113,113,0,480
"732",1931-10-02,1726,1839,1361.12,996.644735986833,1361.12,1.12,1.12,113,113,0,479
"733",1931-10-03,1772,1885,1394.12,1041.19492940104,1394.12,1.12,1.12,113,113,0,492
"734",1931-10-04,1375,1488,993.12,610.851743619049,993.12,1.12,1.12,113,113,0,496
"735",1931-10-05,1018,1131,620.12,322.054676014137,620.12,1.12,1.12,113,113,0,512
"736",1931-10-06,832,945,415.12,192.084808384293,415.12,1.12,1.12,113,113,0,531
"737",1931-10-07,775,888,358.12,161.632688670184,358.12,1.12,1.12,113,113,0,531
"738",1931-10-08,915,1028,517.12,258.316626884059,517.12,1.12,1.12,113,113,0,512
"739",1931-10-09,958,1071,578.12,302.209226639763,578.12,1.12,1.12,113,113,0,494
"740",1931-10-10,942,1055,577.12,307.457522554429,577.12,1.12,1.12,113,113,0,479
"741",1931-10-11,1054,1167,691.12,380.762553198572,691.12,1.12,1.12,113,113,0,477
"742",1931-10-12,885,998,521.12,274.83636342795,521.12,1.12,1.12,113,113,0,478
"743",1931-10-13,730,843,370.12,195.671036716116,370.12,1.12,1.12,113,113,0,474
"744",1931-10-14,798,911,427.12,219.732704430549,427.12,1.12,1.12,113,113,0,485
"745",1931-10-15,857,970,482.12,247.941823404022,482.12,1.12,1.12,113,113,0,489
"746",1931-10-16,888,1001,521.12,273.563227827074,521.12,1.12,1.12,113,113,0,481
"747",1931-10-17,903,1016,570.12,316.267835302373,570.12,1.12,1.12,113,113,0,447
"748",1931-10-18,830,943,489.12,266.989657660543,489.12,1.12,1.12,113,113,0,455
"749",1931-10-19,774,887,416.12,220.112261477747,416.12,1.12,1.12,113,113,0,472
"750",1931-10-20,809,922,449.12,236.608808928673,449.12,1.12,1.12,113,113,0,474
"751",1931-10-21,746,859,376.12,193.728848652259,376.12,1.12,1.12,113,113,0,484
"752",1931-10-22,783,896,401.12,200.813011130489,401.12,1.12,1.12,113,113,0,496
"753",1931-10-23,736,849,362.12,184.679126848084,362.12,1.12,1.12,113,113,0,488
"754",1931-10-24,618,731,262.12,146.401379772681,262.12,1.12,1.12,113,113,0,470
"755",1931-10-25,623,736,239.12,120.666739217617,239.12,1.12,1.12,113,113,0,498
"756",1931-10-26,694,807,289.12,132.959656844832,289.12,1.12,1.12,113,113,0,519
"757",1931-10-27,582,695,185.12,89.3882761485539,185.12,1.12,1.12,113,113,0,511
"758",1931-10-28,618,731,223.12,107.401379772681,223.12,1.12,1.12,113,113,0,509
"759",1931-10-29,837,950,474.12,248.831325049774,474.12,1.12,1.12,113,113,0,477
"760",1931-10-30,986,1099,637.12,350.616282888148,637.12,1.12,1.12,113,113,0,463
"761",1931-10-31,782,895,407.12,207.28882334036,407.12,1.12,1.12,113,113,0,489
