"","date_time","storage","inflow","withdr","outflow","withdr_req","rel_req","available"
"1",1929-10-01,35400,294.9,0,294.900000000001,0,0,35694.9
"2",1929-10-02,35400,772.9,0,772.900000000001,0,0,36172.9
"3",1929-10-03,35400,901,0,901,0,0,36301
"4",1929-10-04,35400,623.6,0,623.599999999999,0,0,36023.6
"5",1929-10-05,35400,499.7,0,499.699999999997,0,0,35899.7
"6",1929-10-06,35400,413.5,0,413.5,0,0,35813.5
"7",1929-10-07,35400,371,0,371,0,0,35771
"8",1929-10-08,35400,348.6,0,348.599999999999,0,0,35748.6
"9",1929-10-09,35400,333.3,0,333.300000000003,0,0,35733.3
"10",1929-10-10,35400,325,0,325,0,0,35725
"11",1929-10-11,35400,319.1,0,319.099999999999,0,0,35719.1
"12",1929-10-12,35400,315.6,0,315.599999999999,0,0,35715.6
"13",1929-10-13,35400,312.6,0,312.599999999999,0,0,35712.6
"14",1929-10-14,35400,309.7,0,309.699999999997,0,0,35709.7
"15",1929-10-15,35400,309.7,0,309.699999999997,0,0,35709.7
"16",1929-10-16,35400,308.5,0,308.5,0,0,35708.5
"17",1929-10-17,35400,321.5,0,321.5,0,0,35721.5
"18",1929-10-18,35400,313.8,0,313.800000000003,0,0,35713.8
"19",1929-10-19,35400,309.7,0,309.699999999997,0,0,35709.7
"20",1929-10-20,35400,307.3,0,307.300000000003,0,0,35707.3
"21",1929-10-21,35400,306.1,0,306.099999999999,0,0,35706.1
"22",1929-10-22,35400,476.7,0,476.699999999997,0,0,35876.7
"23",1929-10-23,35400,585.3,0,585.300000000003,0,0,35985.3
"24",1929-10-24,35400,523.3,0,523.300000000003,0,0,35923.3
"25",1929-10-25,35400,425.9,0,425.900000000001,0,0,35825.9
"26",1929-10-26,35400,387.6,0,387.599999999999,0,0,35787.6
"27",1929-10-27,35400,365.7,0,365.699999999997,0,0,35765.7
"28",1929-10-28,35400,349.8,0,349.800000000003,0,0,35749.8
"29",1929-10-29,35400,339.8,0,339.800000000003,0,0,35739.8
"30",1929-10-30,35400,338,0,338,0,0,35738
"31",1929-10-31,35400,336.8,0,336.800000000003,0,0,35736.8
"32",1929-11-01,35400,284.9,0,284.900000000001,0,0,35684.9
"33",1929-11-02,35400,246.2,0,246.199999999997,0,0,35646.2
"34",1929-11-03,35400,581.6,0,581.599999999999,0,0,35981.6
"35",1929-11-04,35400,1062.6,0,1062.6,0,0,36462.6
"36",1929-11-05,35400,673.7,0,673.699999999997,0,0,36073.7
"37",1929-11-06,35400,494.1,0,494.099999999999,0,0,35894.1
"38",1929-11-07,35400,392.8,0,392.800000000003,0,0,35792.8
"39",1929-11-08,35400,322,0,322,0,0,35722
"40",1929-11-09,35400,283.7,0,283.699999999997,0,0,35683.7
"41",1929-11-10,35400,246.5,0,246.5,0,0,35646.5
"42",1929-11-11,35400,241.7,0,241.699999999997,0,0,35641.7
"43",1929-11-12,35400,238.2,0,238.199999999997,0,0,35638.2
"44",1929-11-13,35400,208.1,0,208.099999999999,0,0,35608.1
"45",1929-11-14,35400,212.9,0,212.900000000001,0,0,35612.9
"46",1929-11-15,35400,281,0,281,0,0,35681
"47",1929-11-16,35400,357.8,0,357.800000000003,0,0,35757.8
"48",1929-11-17,35400,346.8,0,346.800000000003,0,0,35746.8
"49",1929-11-18,35400,2508.4,0,2508.4,0,0,37908.4
"50",1929-11-19,35400,1743.3,0,1743.3,0,0,37143.3
"51",1929-11-20,35400,984.9,0,984.900000000001,0,0,36384.9
"52",1929-11-21,35400,689.5,0,689.5,0,0,36089.5
"53",1929-11-22,35400,536.1,0,536.099999999999,0,0,35936.1
"54",1929-11-23,35400,440,0,440,0,0,35840
"55",1929-11-24,35400,387.7,0,387.699999999997,0,0,35787.7
"56",1929-11-25,35400,343.3,0,343.300000000003,0,0,35743.3
"57",1929-11-26,35400,303.7,0,303.699999999997,0,0,35703.7
"58",1929-11-27,35400,231.7,0,231.699999999997,0,0,35631.7
"59",1929-11-28,35400,237.6,0,237.599999999999,0,0,35637.6
"60",1929-11-29,35400,225.8,0,225.800000000003,0,0,35625.8
"61",1929-11-30,35400,198.7,0,198.699999999997,0,0,35598.7
"62",1929-12-01,35400,171.4,0,171.400000000001,0,0,35571.4
"63",1929-12-02,35400,171.4,0,171.400000000001,0,0,35571.4
"64",1929-12-03,35400,171.4,0,171.400000000001,0,0,35571.4
"65",1929-12-04,35400,171.4,0,171.400000000001,0,0,35571.4
"66",1929-12-05,35400,171.4,0,171.400000000001,0,0,35571.4
"67",1929-12-06,35400,189.7,0,189.699999999997,0,0,35589.7
"68",1929-12-07,35400,269.5,0,269.5,0,0,35669.5
"69",1929-12-08,35400,741.6,0,741.599999999999,0,0,36141.6
"70",1929-12-09,35400,618.1,0,618.099999999999,0,0,36018.1
"71",1929-12-10,35400,460.7,0,460.699999999997,0,0,35860.7
"72",1929-12-11,35400,413.1,0,413.099999999999,0,0,35813.1
"73",1929-12-12,35400,384.4,0,384.400000000001,0,0,35784.4
"74",1929-12-13,35400,729.4,0,729.400000000001,0,0,36129.4
"75",1929-12-14,35400,1418.5,0,1418.5,0,0,36818.5
"76",1929-12-15,35400,1195.1,0,1195.1,0,0,36595.1
"77",1929-12-16,35400,847.2,0,847.199999999997,0,0,36247.2
"78",1929-12-17,35400,644.8,0,644.800000000003,0,0,36044.8
"79",1929-12-18,35400,550.2,0,550.199999999997,0,0,35950.2
"80",1929-12-19,35400,597.2,0,597.199999999997,0,0,35997.2
"81",1929-12-20,35400,597.7,0,597.699999999997,0,0,35997.7
"82",1929-12-21,35400,286.5,0,286.5,0,0,35686.5
"83",1929-12-22,35400,240.4,0,240.400000000001,0,0,35640.4
"84",1929-12-23,35400,240.4,0,240.400000000001,0,0,35640.4
"85",1929-12-24,35400,240.4,0,240.400000000001,0,0,35640.4
"86",1929-12-25,35400,240.4,0,240.400000000001,0,0,35640.4
"87",1929-12-26,35400,240.4,0,240.400000000001,0,0,35640.4
"88",1929-12-27,35400,249.9,0,249.900000000001,0,0,35649.9
"89",1929-12-28,35400,523.7,0,523.699999999997,0,0,35923.7
"90",1929-12-29,35400,736.4,0,736.400000000001,0,0,36136.4
"91",1929-12-30,35400,565.6,0,565.599999999999,0,0,35965.6
"92",1929-12-31,35400,503.7,0,503.699999999997,0,0,35903.7
"93",1930-01-01,35400,487.6,0,487.599999999999,0,0,35887.6
"94",1930-01-02,35400,612.1,0,612.099999999999,0,0,36012.1
"95",1930-01-03,35400,737.8,0,737.800000000003,0,0,36137.8
"96",1930-01-04,35400,667.2,0,667.199999999997,0,0,36067.2
"97",1930-01-05,35400,483.1,0,483.099999999999,0,0,35883.1
"98",1930-01-06,35400,448.7,0,448.699999999997,0,0,35848.7
"99",1930-01-07,35400,423.7,0,423.699999999997,0,0,35823.7
"100",1930-01-08,35400,391.9,0,391.900000000001,0,0,35791.9
"101",1930-01-09,35400,397.5,0,397.5,0,0,35797.5
"102",1930-01-10,35400,383.3,0,383.300000000003,0,0,35783.3
"103",1930-01-11,35400,331,0,331,0,0,35731
"104",1930-01-12,35400,314.7,0,314.699999999997,0,0,35714.7
"105",1930-01-13,35400,340.6,0,340.599999999999,0,0,35740.6
"106",1930-01-14,35400,310.4,0,310.400000000001,0,0,35710.4
"107",1930-01-15,35400,294.1,0,294.099999999999,0,0,35694.1
"108",1930-01-16,35400,270.6,0,270.599999999999,0,0,35670.6
"109",1930-01-17,35400,227.9,0,227.900000000001,0,0,35627.9
"110",1930-01-18,35400,198.2,0,198.199999999997,0,0,35598.2
"111",1930-01-19,35400,133.5,0,133.5,0,0,35533.5
"112",1930-01-20,35400,96,0,113,0,0,35496
"113",1930-01-21,35383,96,0,113,0,0,35479
"114",1930-01-22,35366,96,0,113,0,0,35462
"115",1930-01-23,35349,96,0,113,0,0,35445
"116",1930-01-24,35332,96,0,113,0,0,35428
"117",1930-01-25,35315,96,0,113,0,0,35411
"118",1930-01-26,35298,96,0,113,0,0,35394
"119",1930-01-27,35281,96,0,113,0,0,35377
"120",1930-01-28,35264,96,0,113,0,0,35360
"121",1930-01-29,35247,96,0,113,0,0,35343
"122",1930-01-30,35230,96,0,113,0,0,35326
"123",1930-01-31,35213,96,0,113,0,0,35309
"124",1930-02-01,35196,114,0,113,0,0,35310
"125",1930-02-02,35197,133.3,0,113,0,0,35330.3
"126",1930-02-03,35217.3,145.9,0,113,0,0,35363.2
"127",1930-02-04,35250.2,221.7,0,113,0,0,35471.9
"128",1930-02-05,35358.9,714.2,0,673.099999999999,0,0,36073.1
"129",1930-02-06,35400,502.4,0,502.400000000001,0,0,35902.4
"130",1930-02-07,35400,385.3,0,385.300000000003,0,0,35785.3
"131",1930-02-08,35400,353.2,0,353.199999999997,0,0,35753.2
"132",1930-02-09,35400,278.2,0,278.199999999997,0,0,35678.2
"133",1930-02-10,35400,346.3,0,346.300000000003,0,0,35746.3
"134",1930-02-11,35400,309.2,0,309.199999999997,0,0,35709.2
"135",1930-02-12,35400,315.5,0,315.5,0,0,35715.5
"136",1930-02-13,35400,466,0,466,0,0,35866
"137",1930-02-14,35400,593,0,593,0,0,35993
"138",1930-02-15,35400,459.1,0,459.099999999999,0,0,35859.1
"139",1930-02-16,35400,246.3,0,246.300000000003,0,0,35646.3
"140",1930-02-17,35400,246.3,0,246.300000000003,0,0,35646.3
"141",1930-02-18,35400,246.3,0,246.300000000003,0,0,35646.3
"142",1930-02-19,35400,365.7,0,365.699999999997,0,0,35765.7
"143",1930-02-20,35400,412.8,0,412.800000000003,0,0,35812.8
"144",1930-02-21,35400,459.6,0,459.599999999999,0,0,35859.6
"145",1930-02-22,35400,421.5,0,421.5,0,0,35821.5
"146",1930-02-23,35400,403.3,0,403.300000000003,0,0,35803.3
"147",1930-02-24,35400,431,0,431,0,0,35831
"148",1930-02-25,35400,813.9,0,813.900000000001,0,0,36213.9
"149",1930-02-26,35400,753.4,0,753.400000000001,0,0,36153.4
"150",1930-02-27,35400,765.2,0,765.199999999997,0,0,36165.2
"151",1930-02-28,35400,624,0,624,0,0,36024
"152",1930-03-01,35400,542.3,0,542.300000000003,0,0,35942.3
"153",1930-03-02,35400,500.9,0,500.900000000001,0,0,35900.9
"154",1930-03-03,35400,367.1,0,367.099999999999,0,0,35767.1
"155",1930-03-04,35400,364.1,0,364.099999999999,0,0,35764.1
"156",1930-03-05,35400,339.9,0,339.900000000001,0,0,35739.9
"157",1930-03-06,35400,411.8,0,411.800000000003,0,0,35811.8
"158",1930-03-07,35400,520.7,0,520.699999999997,0,0,35920.7
"159",1930-03-08,35400,759.3,0,759.300000000003,0,0,36159.3
"160",1930-03-09,35400,733.4,0,733.400000000001,0,0,36133.4
"161",1930-03-10,35400,728.2,0,728.199999999997,0,0,36128.2
"162",1930-03-11,35400,859.3,0,859.300000000003,0,0,36259.3
"163",1930-03-12,35400,841,0,841,0,0,36241
"164",1930-03-13,35400,717.1,0,717.099999999999,0,0,36117.1
"165",1930-03-14,35400,892.8,0,892.800000000003,0,0,36292.8
"166",1930-03-15,35400,722.3,0,722.300000000003,0,0,36122.3
"167",1930-03-16,35400,606.4,0,606.400000000001,0,0,36006.4
"168",1930-03-17,35400,567.6,0,567.599999999999,0,0,35967.6
"169",1930-03-18,35400,567.9,0,567.900000000001,0,0,35967.9
"170",1930-03-19,35400,1501.6,0,1501.6,0,0,36901.6
"171",1930-03-20,35400,899.9,0,899.900000000001,0,0,36299.9
"172",1930-03-21,35400,647.4,0,647.400000000001,0,0,36047.4
"173",1930-03-22,35400,517.1,0,517.099999999999,0,0,35917.1
"174",1930-03-23,35400,431.5,0,431.5,0,0,35831.5
"175",1930-03-24,35400,399,0,399,0,0,35799
"176",1930-03-25,35400,371.3,0,371.300000000003,0,0,35771.3
"177",1930-03-26,35400,366.6,0,366.599999999999,0,0,35766.6
"178",1930-03-27,35400,320.3,0,320.300000000003,0,0,35720.3
"179",1930-03-28,35400,279.9,0,279.900000000001,0,0,35679.9
"180",1930-03-29,35400,299.3,0,299.300000000003,0,0,35699.3
"181",1930-03-30,35400,300,0,300,0,0,35700
"182",1930-03-31,35400,268.6,0,268.599999999999,0,0,35668.6
"183",1930-04-01,35400,245.7,0,245.699999999997,0,0,35645.7
"184",1930-04-02,35400,405.6,0,405.599999999999,0,0,35805.6
"185",1930-04-03,35400,459.9,0,459.900000000001,0,0,35859.9
"186",1930-04-04,35400,491.2,0,491.199999999997,0,0,35891.2
"187",1930-04-05,35400,390.3,0,390.300000000003,0,0,35790.3
"188",1930-04-06,35400,381,0,381,0,0,35781
"189",1930-04-07,35400,751.4,0,751.400000000001,0,0,36151.4
"190",1930-04-08,35400,931.8,0,931.800000000003,0,0,36331.8
"191",1930-04-09,35400,901.7,0,901.699999999997,0,0,36301.7
"192",1930-04-10,35400,779.3,0,779.300000000003,0,0,36179.3
"193",1930-04-11,35400,653.7,0,653.699999999997,0,0,36053.7
"194",1930-04-12,35400,536.1,0,536.099999999999,0,0,35936.1
"195",1930-04-13,35400,454.5,0,454.5,0,0,35854.5
"196",1930-04-14,35400,398.6,0,398.599999999999,0,0,35798.6
"197",1930-04-15,35400,350.6,0,350.599999999999,0,0,35750.6
"198",1930-04-16,35400,311.6,0,311.599999999999,0,0,35711.6
"199",1930-04-17,35400,367.9,0,367.900000000001,0,0,35767.9
"200",1930-04-18,35400,354.7,0,354.699999999997,0,0,35754.7
"201",1930-04-19,35400,389.5,0,389.5,0,0,35789.5
"202",1930-04-20,35400,340.1,0,340.099999999999,0,0,35740.1
"203",1930-04-21,35400,335.5,0,335.5,0,0,35735.5
"204",1930-04-22,35400,535.7,0,535.699999999997,0,0,35935.7
"205",1930-04-23,35400,460.4,0,460.400000000001,0,0,35860.4
"206",1930-04-24,35400,394.5,0,394.5,0,0,35794.5
"207",1930-04-25,35400,355.2,0,355.199999999997,0,0,35755.2
"208",1930-04-26,35400,311,0,311,0,0,35711
"209",1930-04-27,35400,276.2,0,276.199999999997,0,0,35676.2
"210",1930-04-28,35400,248.6,0,248.599999999999,0,0,35648.6
"211",1930-04-29,35400,230.1,0,230.099999999999,0,0,35630.1
"212",1930-04-30,35400,210.9,0,210.900000000001,0,0,35610.9
"213",1930-05-01,35400,325.2,0,325.199999999997,0,0,35725.2
"214",1930-05-02,35400,308.4,0,308.400000000001,0,0,35708.4
"215",1930-05-03,35400,254.1,0,254.099999999999,0,0,35654.1
"216",1930-05-04,35400,219.3,0,219.300000000003,0,0,35619.3
"217",1930-05-05,35400,199.5,0,199.5,0,0,35599.5
"218",1930-05-06,35400,199.5,0,199.5,0,0,35599.5
"219",1930-05-07,35400,229.2,0,229.199999999997,0,0,35629.2
"220",1930-05-08,35400,220.8,0,220.800000000003,0,0,35620.8
"221",1930-05-09,35400,187.1,0,187.099999999999,0,0,35587.1
"222",1930-05-10,35400,167.8,0,167.800000000003,0,0,35567.8
"223",1930-05-11,35400,154.6,0,154.599999999999,0,0,35554.6
"224",1930-05-12,35400,140.1,0,140.099999999999,0,0,35540.1
"225",1930-05-13,35400,132.3,0,132.300000000003,0,0,35532.3
"226",1930-05-14,35400,128.1,0,128.099999999999,0,0,35528.1
"227",1930-05-15,35400,131.1,0,131.099999999999,0,0,35531.1
"228",1930-05-16,35400,140.8,0,140.800000000003,0,0,35540.8
"229",1930-05-17,35400,134.3,0,134.300000000003,0,0,35534.3
"230",1930-05-18,35400,120.9,0,120.900000000001,0,0,35520.9
"231",1930-05-19,35400,190.4,0,190.400000000001,0,0,35590.4
"232",1930-05-20,35400,184.3,0,184.300000000003,0,0,35584.3
"233",1930-05-21,35400,143.9,0,143.900000000001,0,0,35543.9
"234",1930-05-22,35400,120.4,0,120.400000000001,0,0,35520.4
"235",1930-05-23,35400,104.1,0,113,0,0,35504.1
"236",1930-05-24,35391.1,94.5,0,113,0,0,35485.6
"237",1930-05-25,35372.6,93.9,0,113,0,0,35466.5
"238",1930-05-26,35353.5,87.3,0,113,0,0,35440.8
"239",1930-05-27,35327.8,78.2,0,113,0,0,35406
"240",1930-05-28,35293,77.6,0,113,0,0,35370.6
"241",1930-05-29,35257.6,75.8,0,113,0,0,35333.4
"242",1930-05-30,35220.4,68,0,113,0,0,35288.4
"243",1930-05-31,35175.4,62.6,0,113,0,0,35238
"244",1930-06-01,35125,59.6,0,113,0,0,35184.6
"245",1930-06-02,35071.6,53,0,113,0,0,35124.6
"246",1930-06-03,35011.6,46.9,0,113,0,0,35058.5
"247",1930-06-04,34945.5,42.7,0,113,0,0,34988.2
"248",1930-06-05,34875.2,40.9,0,113,0,0,34916.1
"249",1930-06-06,34803.1,37.3,0,113,0,0,34840.4
"250",1930-06-07,34727.4,37.3,0,113,0,0,34764.7
"251",1930-06-08,34651.7,37.9,0,113,0,0,34689.6
"252",1930-06-09,34576.6,53.5,0,113,0,0,34630.1
"253",1930-06-10,34517.1,720.4,0,113,0,0,35237.5
"254",1930-06-11,35124.5,602.3,0,326.80000000001,0,0,35726.8
"255",1930-06-12,35400,267.3,0,267.300000000003,0,0,35667.3
"256",1930-06-13,35400,175.8,0,175.800000000003,0,0,35575.8
"257",1930-06-14,35400,135.4,0,135.400000000001,0,0,35535.4
"258",1930-06-15,35400,107.1,0,113,0,0,35507.1
"259",1930-06-16,35394.1,87.9,0,113,0,0,35482
"260",1930-06-17,35369,83,0,113,0,0,35452
"261",1930-06-18,35339,100.4,0,113,0,0,35439.4
"262",1930-06-19,35326.4,83,0,113,0,0,35409.4
"263",1930-06-20,35296.4,65.6,0,113,0,0,35362
"264",1930-06-21,35249,55.3,0,113,0,0,35304.3
"265",1930-06-22,35191.3,50.5,0,113,0,0,35241.8
"266",1930-06-23,35128.8,45.7,0,113,0,0,35174.5
"267",1930-06-24,35061.5,42.7,0,113,0,0,35104.2
"268",1930-06-25,34991.2,247.9,0,113,0,0,35239.1
"269",1930-06-26,35126.1,131.5,0,113,0,0,35257.6
"270",1930-06-27,35144.6,89.8,0,113,0,0,35234.4
"271",1930-06-28,35121.4,70.5,0,113,0,0,35191.9
"272",1930-06-29,35078.9,57.2,0,113,0,0,35136.1
"273",1930-06-30,35023.1,47,0,113,0,0,35070.1
"274",1930-07-01,34957.1,41.6,0,113,0,0,34998.7
"275",1930-07-02,34885.7,48.6,0,113,0,0,34934.3
"276",1930-07-03,34821.3,48.8,0,113,0,0,34870.1
"277",1930-07-04,34757.1,43.4,0,113,0,0,34800.5
"278",1930-07-05,34687.5,34.9,0,113,0,0,34722.4
"279",1930-07-06,34609.4,30.3,0,113,0,0,34639.7
"280",1930-07-07,34526.7,33.1,0,113,0,0,34559.8
"281",1930-07-08,34446.8,30.1,0,113,0,0,34476.9
"282",1930-07-09,34363.9,29.6,0,113,0,0,34393.5
"283",1930-07-10,34280.5,35.1,0,113,0,0,34315.6
"284",1930-07-11,34202.6,32.8,0,113,0,0,34235.4
"285",1930-07-12,34122.4,31,0,113,0,0,34153.4
"286",1930-07-13,34040.4,31,0,113,0,0,34071.4
"287",1930-07-14,33958.4,39.7,0,113,0,0,33998.1
"288",1930-07-15,33885.1,63.3,0,113,0,0,33948.4
"289",1930-07-16,33835.4,49.8,0,113,0,0,33885.2
"290",1930-07-17,33772.2,38.2,0,113,0,48.71117665964,33810.4
"291",1930-07-18,33697.4,32.7,0,113,0,46.2348928929906,33730.1
"292",1930-07-19,33617.1,29.7,0,113,0,41.9190817456039,33646.8
"293",1930-07-20,33533.8,27.5,0,113,0,76.5176435627827,33561.3
"294",1930-07-21,33448.3,25.2,0,113,0,93.7908427325202,33473.5
"295",1930-07-22,33360.5,24.1,0,150.655483893768,0,150.655483893768,33384.6
"296",1930-07-23,33233.9445161062,104.8,0,147.229835758827,0,147.229835758827,33338.7445161062
"297",1930-07-24,33191.5146803474,88.4,0,113,0,0,33279.9146803474
"298",1930-07-25,33166.9146803474,54.2,0,113,0,88.8179436534266,33221.1146803474
"299",1930-07-26,33108.1146803474,42.5,0,169.598620227319,0,169.598620227319,33150.6146803474
"300",1930-07-27,32981.0160601201,33.3,0,177.267909473704,0,177.267909473704,33014.3160601201
"301",1930-07-28,32837.0481506464,30.7,0,141.110054152275,0,141.110054152275,32867.7481506464
"302",1930-07-29,32726.6380964941,28.1,0,116.655483893768,0,116.655483893768,32754.7380964941
"303",1930-07-30,32638.0826126003,26.2,0,161.771844545879,0,161.771844545879,32664.2826126003
"304",1930-07-31,32502.5107680544,26,0,169.002494305339,0,169.002494305339,32528.5107680544
"305",1930-08-01,32359.5082737491,25.9,0,179.588271833016,0,179.588271833016,32385.4082737491
"306",1930-08-02,32205.8200019161,25.3,0,193.446463386159,0,193.446463386159,32231.1200019161
"307",1930-08-03,32037.6735385299,25.2,0,193.392345390915,0,193.392345390915,32062.8735385299
"308",1930-08-04,31869.481193139,25.1,0,189.565307014144,0,189.565307014144,31894.581193139
"309",1930-08-05,31705.0158861249,25.6,0,174.486219466346,0,174.486219466346,31730.6158861249
"310",1930-08-06,31556.1296666585,26.3,0,194.049168420396,0,194.049168420396,31582.4296666585
"311",1930-08-07,31388.3804982381,27.4,0,199.002494305339,0,199.002494305339,31415.7804982381
"312",1930-08-08,31216.7780039328,29,0,175.65066646169,0,175.65066646169,31245.7780039328
"313",1930-08-09,31070.1273374711,29.7,0,158.229835758827,0,158.229835758827,31099.8273374711
"314",1930-08-10,30941.5975017123,29.8,0,201.565307014144,0,201.565307014144,30971.3975017123
"315",1930-08-11,30769.8321946981,29.6,0,152.715888904285,0,152.715888904285,30799.4321946981
"316",1930-08-12,30646.7163057938,29.5,0,113,0,105.795015004717,30676.2163057938
"317",1930-08-13,30563.2163057938,29.3,0,131.690438001702,0,131.690438001702,30592.5163057938
"318",1930-08-14,30460.8258677921,30,0,113,0,90.960933877838,30490.8258677921
"319",1930-08-15,30377.8258677921,48.8,0,114.171230717693,0,114.171230717693,30426.6258677921
"320",1930-08-16,30312.4546370745,53.8,0,129.168977920581,0,129.168977920581,30366.2546370744
"321",1930-08-17,30237.0856591539,43,0,143.423965263585,0,143.423965263585,30280.0856591539
"322",1930-08-18,30136.6616938903,47.5,0,163.042691533127,0,163.042691533127,30184.1616938903
"323",1930-08-19,30021.1190023572,40,0,115.649601091134,0,115.649601091134,30061.1190023572
"324",1930-08-20,29945.469401266,33.1,0,123.858303356375,0,123.858303356375,29978.569401266
"325",1930-08-21,29854.7110979097,26.7,0,125.590180054566,0,125.590180054566,29881.4110979097
"326",1930-08-22,29755.8209178551,24.7,0,119.018372342886,0,119.018372342886,29780.5209178551
"327",1930-08-23,29661.5025455122,24.3,0,113,0,102.464258019755,29685.8025455122
"328",1930-08-24,29572.8025455122,25.4,0,127.212066504782,0,127.212066504782,29598.2025455122
"329",1930-08-25,29470.9904790074,25.7,0,162.742857756942,0,162.742857756942,29496.6904790074
"330",1930-08-26,29333.9476212505,25.4,0,143.459880714292,0,143.459880714292,29359.3476212505
"331",1930-08-27,29215.8877405362,25.9,0,143.057921752535,0,143.057921752535,29241.7877405362
"332",1930-08-28,29098.7298187837,25.8,0,113,0,100.537816343998,29124.5298187837
"333",1930-08-29,29011.5298187837,27,0,113,0,60.9228773433075,29038.5298187837
"334",1930-08-30,28925.5298187837,23.5,0,113,0,79.9950023671303,28949.0298187837
"335",1930-08-31,28836.0298187837,22.6,0,113,0,87.266176506868,28858.6298187837
"336",1930-09-01,28745.6298187837,21.2,0,113,0,31.6506664616898,28766.8298187837
"337",1930-09-02,28653.8298187837,21.1,0,113,0,71.1322331120092,28674.9298187837
"338",1930-09-03,28561.9298187837,24.1,0,113,0,32.0504701061689,28586.0298187837
"339",1930-09-04,28473.0298187837,21.7,0,113,0,51.2250344969821,28494.7298187837
"340",1930-09-05,28381.7298187837,21.4,0,113,0,63.4258049747473,28403.1298187837
"341",1930-09-06,28290.1298187837,20.1,0,113,0,57.1391320404858,28310.2298187837
"342",1930-09-07,28197.2298187837,19.3,0,113,0,60.912118003377,28216.5298187837
"343",1930-09-08,28103.5298187837,22.9,0,113,0,25.7519041566908,28126.4298187837
"344",1930-09-09,28013.4298187837,24,0,113,0,0,28037.4298187837
"345",1930-09-10,27924.4298187837,24.9,0,113,0,0,27949.3298187837
"346",1930-09-11,27836.3298187837,24.2,0,113,0,0,27860.5298187837
"347",1930-09-12,27747.5298187837,24.1,0,113,0,0,27771.6298187837
"348",1930-09-13,27658.6298187837,27.1,0,113,0,0,27685.7298187837
"349",1930-09-14,27572.7298187837,43.5,0,113,0,0,27616.2298187837
"350",1930-09-15,27503.2298187837,35.2,0,113,0,0,27538.4298187837
"351",1930-09-16,27425.4298187837,33.2,0,113,0,0,27458.6298187837
"352",1930-09-17,27345.6298187837,39.5,0,113,0,0,27385.1298187837
"353",1930-09-18,27272.1298187837,40.7,0,113,0,0,27312.8298187837
"354",1930-09-19,27199.8298187837,32,0,113,0,0,27231.8298187837
"355",1930-09-20,27118.8298187837,25.1,0,113,0,0.303629579670428,27143.9298187837
"356",1930-09-21,27030.9298187837,23,0,113,0,24.7002657656619,27053.9298187837
"357",1930-09-22,26940.9298187837,22.5,0,113,0,39.4258049747473,26963.4298187837
"358",1930-09-23,26850.4298187837,22.9,0,113,0,30.3591424049729,26873.3298187837
"359",1930-09-24,26760.3298187837,20.8,0,113,0,29.5385634208252,26781.1298187837
"360",1930-09-25,26668.1298187837,21.4,0,113,0,25.6506664616898,26689.5298187837
"361",1930-09-26,26576.5298187837,23.3,0,113,0,38.4035823133869,26599.8298187837
"362",1930-09-27,26486.8298187837,23.7,0,113,0,24.5466726145995,26510.5298187837
"363",1930-09-28,26397.5298187837,21.1,0,113,0,45.5378163439983,26418.6298187837
"364",1930-09-29,26305.6298187837,13.8,0,113,0,20.0988711395154,26319.4298187837
"365",1930-09-30,26206.4298187837,19.9,0,113,0,14.1322331120092,26226.3298187837
"366",1930-10-01,26113.3298187837,22.3,0,113,0,0,26135.6298187837
"367",1930-10-02,26022.6298187837,21.7,0,113,0,0,26044.3298187837
"368",1930-10-03,25931.3298187837,21.6,0,113,0,0,25952.9298187837
"369",1930-10-04,25839.9298187837,21.1,0,113,0,0,25861.0298187837
"370",1930-10-05,25748.0298187837,19.9,0,113,0,0,25767.9298187837
"371",1930-10-06,25654.9298187837,15.6,0,113,0,38.5326746624381,25670.5298187837
"372",1930-10-07,25557.5298187837,15.5,0,113,0,32.8291933148722,25573.0298187837
"373",1930-10-08,25460.0298187837,15.5,0,113,0,25.4916577308386,25475.5298187837
"374",1930-10-09,25362.5298187837,15.5,0,113,0,20.0023480261289,25378.0298187837
"375",1930-10-10,25265.0298187837,15.5,0,113,0,8.41605171831884,25280.5298187837
"376",1930-10-11,25167.5298187837,15.5,0,113,0,7.4916577308386,25183.0298187837
"377",1930-10-12,25070.0298187837,14.9,0,113,0,21.0671481753265,25084.9298187837
"378",1930-10-13,24971.9298187837,14.9,0,113,0,6.1322331120092,24986.8298187837
"379",1930-10-14,24873.8298187837,14.3,0,113,0,0,24888.1298187837
"380",1930-10-15,24775.1298187837,14.3,0,113,0,16.5901800545662,24789.4298187837
"381",1930-10-16,24676.4298187837,14.4,0,113,0,21.1712307176928,24690.8298187837
"382",1930-10-17,24577.8298187837,14.5,0,113,0,22.9423028948873,24592.3298187837
"383",1930-10-18,24479.3298187837,13.9,0,113,0,5.06714817532645,24493.2298187837
"384",1930-10-19,24380.2298187837,12.7,0,113,0,35.2634868335954,24392.9298187837
"385",1930-10-20,24279.9298187837,12.1,0,113,0,10.2280040419013,24292.0298187837
"386",1930-10-21,24179.0298187837,11.7,0,113,0,2.25291772541584,24190.7298187837
"387",1930-10-22,24077.7298187837,11.8,0,113,0,0,24089.5298187837
"388",1930-10-23,23976.5298187837,12.9,0,113,0,0,23989.4298187837
"389",1930-10-24,23876.4298187837,12.6,0,113,0,0,23889.0298187837
"390",1930-10-25,23776.0298187837,13.3,0,113,0,0,23789.3298187837
"391",1930-10-26,23676.3298187837,14.3,0,113,0,1.00875250666002,23690.6298187837
"392",1930-10-27,23577.6298187837,15.7,0,113,0,30.4239652635854,23593.3298187837
"393",1930-10-28,23480.3298187837,16.3,0,113,0,22.7519041566908,23496.6298187837
"394",1930-10-29,23383.6298187837,16.3,0,113,0,0,23399.9298187837
"395",1930-10-30,23286.9298187837,15.9,0,113,0,0,23302.8298187837
"396",1930-10-31,23189.8298187837,16,0,113,0,0,23205.8298187837
"397",1930-11-01,23092.8298187837,14.4,0,113,0,0,23107.2298187837
"398",1930-11-02,22994.2298187837,14.4,0,113,0,0,23008.6298187837
"399",1930-11-03,22895.6298187837,13.2,0,113,0,0,22908.8298187837
"400",1930-11-04,22795.8298187837,13.3,0,113,0,0,22809.1298187837
"401",1930-11-05,22696.1298187837,17.4,0,113,0,0,22713.5298187837
"402",1930-11-06,22600.5298187837,20.1,0,113,0,0,22620.6298187837
"403",1930-11-07,22507.6298187837,21.8,0,113,0,0,22529.4298187837
"404",1930-11-08,22416.4298187837,16.6,0,113,0,0,22433.0298187837
"405",1930-11-09,22320.0298187837,13.5,0,113,0,0,22333.5298187837
"406",1930-11-10,22220.5298187837,13.6,0,113,0,0,22234.1298187837
"407",1930-11-11,22121.1298187837,14.9,0,113,0,0,22136.0298187837
"408",1930-11-12,22023.0298187837,11.9,0,113,0,0,22034.9298187837
"409",1930-11-13,21921.9298187837,10.1,0,113,0,0,21932.0298187837
"410",1930-11-14,21819.0298187837,9.6,0,113,0,0,21828.6298187837
"411",1930-11-15,21715.6298187837,9.7,0,113,0,0,21725.3298187837
"412",1930-11-16,21612.3298187837,9.6,0,113,0,0,21621.9298187837
"413",1930-11-17,21508.9298187837,10.3,0,113,0,0,21519.2298187837
"414",1930-11-18,21406.2298187837,10.5,0,113,0,0,21416.7298187837
"415",1930-11-19,21303.7298187837,10.2,0,113,0,0,21313.9298187837
"416",1930-11-20,21200.9298187837,13.1,0,113,0,0,21214.0298187837
"417",1930-11-21,21101.0298187837,13.8,0,113,0,0,21114.8298187837
"418",1930-11-22,21001.8298187837,14.3,0,113,0,0,21016.1298187837
"419",1930-11-23,20903.1298187837,14.7,0,113,0,0,20917.8298187837
"420",1930-11-24,20804.8298187837,14,0,113,0,0,20818.8298187837
"421",1930-11-25,20705.8298187837,14,0,113,0,0,20719.8298187837
"422",1930-11-26,20606.8298187837,13.5,0,113,0,0,20620.3298187837
"423",1930-11-27,20507.3298187837,13.2,0,113,0,0,20520.5298187837
"424",1930-11-28,20407.5298187837,13,0,113,0,0,20420.5298187837
"425",1930-11-29,20307.5298187837,12.7,0,113,0,0,20320.2298187837
"426",1930-11-30,20207.2298187837,12.1,0,113,0,0,20219.3298187837
"427",1930-12-01,20106.3298187837,12.4,0,113,0,0,20118.7298187837
"428",1930-12-02,20005.7298187837,26.3,0,113,0,0,20032.0298187837
"429",1930-12-03,19919.0298187837,26.3,0,113,0,0,19945.3298187837
"430",1930-12-04,19832.3298187837,26.3,0,113,0,0,19858.6298187837
"431",1930-12-05,19745.6298187837,26.3,0,113,0,0,19771.9298187837
"432",1930-12-06,19658.9298187837,33.6,0,113,0,0,19692.5298187836
"433",1930-12-07,19579.5298187836,144.6,0,113,0,0,19724.1298187836
"434",1930-12-08,19611.1298187836,205.1,0,113,0,0,19816.2298187836
"435",1930-12-09,19703.2298187836,139.4,0,113,0,0,19842.6298187836
"436",1930-12-10,19729.6298187836,89.9,0,113,0,0,19819.5298187836
"437",1930-12-11,19706.5298187836,72.3,0,113,0,0,19778.8298187836
"438",1930-12-12,19665.8298187836,82.5,0,113,0,0,19748.3298187836
"439",1930-12-13,19635.3298187836,126,0,113,0,0,19761.3298187836
"440",1930-12-14,19648.3298187836,92.9,0,113,0,0,19741.2298187836
"441",1930-12-15,19628.2298187836,56.7,0,113,0,0,19684.9298187837
"442",1930-12-16,19571.9298187837,27.8,0,113,0,0,19599.7298187836
"443",1930-12-17,19486.7298187836,18.4,0,113,0,0,19505.1298187837
"444",1930-12-18,19392.1298187837,16.6,0,113,0,29.2529177254158,19408.7298187836
"445",1930-12-19,19295.7298187836,14.2,0,113,0,0,19309.9298187837
"446",1930-12-20,19196.9298187837,14.2,0,113,0,0,19211.1298187837
"447",1930-12-21,19098.1298187837,14.2,0,113,0,0,19112.3298187837
"448",1930-12-22,18999.3298187837,14.2,0,113,0,0,19013.5298187837
"449",1930-12-23,18900.5298187837,14.2,0,113,0,0,18914.7298187837
"450",1930-12-24,18801.7298187837,14.2,0,113,0,0,18815.9298187837
"451",1930-12-25,18702.9298187837,14.2,0,113,0,0,18717.1298187837
"452",1930-12-26,18604.1298187837,15.2,0,113,0,0,18619.3298187837
"453",1930-12-27,18506.3298187837,29.4,0,113,0,0,18535.7298187837
"454",1930-12-28,18422.7298187837,100,0,113,0,0,18522.7298187837
"455",1930-12-29,18409.7298187837,119.4,0,113,0,0,18529.1298187837
"456",1930-12-30,18416.1298187837,91.7,0,113,0,0,18507.8298187837
"457",1930-12-31,18394.8298187837,63.3,0,113,0,0,18458.1298187837
"458",1931-01-01,18345.1298187837,40.3,0,113,0,0,18385.4298187837
"459",1931-01-02,18272.4298187837,39.2,0,113,0,0,18311.6298187837
"460",1931-01-03,18198.6298187837,40.3,0,113,0,0,18238.9298187837
"461",1931-01-04,18125.9298187837,39.8,0,113,0,0,18165.7298187837
"462",1931-01-05,18052.7298187837,40.9,0,113,0,0,18093.6298187837
"463",1931-01-06,17980.6298187837,116.1,0,113,0,0,18096.7298187837
"464",1931-01-07,17983.7298187837,206.4,0,113,0,0,18190.1298187837
"465",1931-01-08,18077.1298187837,147.6,0,113,0,0,18224.7298187837
"466",1931-01-09,18111.7298187837,45.1,0,113,0,0,18156.8298187837
"467",1931-01-10,18043.8298187837,45.1,0,113,0,0,18088.9298187837
"468",1931-01-11,17975.9298187837,45.1,0,113,0,0,18021.0298187837
"469",1931-01-12,17908.0298187837,45.1,0,113,0,0,17953.1298187837
"470",1931-01-13,17840.1298187837,45.1,0,113,0,0,17885.2298187836
"471",1931-01-14,17772.2298187836,45.1,0,113,0,0,17817.3298187836
"472",1931-01-15,17704.3298187836,45.1,0,113,0,0,17749.4298187836
"473",1931-01-16,17636.4298187836,45.1,0,113,0,0,17681.5298187836
"474",1931-01-17,17568.5298187836,45.1,0,113,0,0,17613.6298187836
"475",1931-01-18,17500.6298187836,44,0,113,0,0,17544.6298187836
"476",1931-01-19,17431.6298187836,46.9,0,113,0,0,17478.5298187836
"477",1931-01-20,17365.5298187836,57.5,0,113,0,0,17423.0298187836
"478",1931-01-21,17310.0298187836,151.8,0,113,0,0,17461.8298187836
"479",1931-01-22,17348.8298187836,100.6,0,113,0,0,17449.4298187836
"480",1931-01-23,17336.4298187836,102.5,0,113,0,0,17438.9298187836
"481",1931-01-24,17325.9298187836,83.6,0,113,0,0,17409.5298187836
"482",1931-01-25,17296.5298187836,83,0,113,0,0,17379.5298187836
"483",1931-01-26,17266.5298187836,726.3,0,113,0,0,17992.8298187836
"484",1931-01-27,17879.8298187836,1182.5,0,113,0,0,19062.3298187836
"485",1931-01-28,18949.3298187836,1041,0,113,0,0,19990.3298187836
"486",1931-01-29,19877.3298187836,568.1,0,113,0,0,20445.4298187836
"487",1931-01-30,20332.4298187836,392,0,113,0,0,20724.4298187836
"488",1931-01-31,20611.4298187836,286.4,0,113,0,0,20897.8298187836
"489",1931-02-01,20784.8298187836,117.3,0,113,0,0,20902.1298187836
"490",1931-02-02,20789.1298187836,117.3,0,113,0,0,20906.4298187836
"491",1931-02-03,20793.4298187836,117.3,0,113,0,0,20910.7298187836
"492",1931-02-04,20797.7298187836,117.3,0,113,0,0,20915.0298187836
"493",1931-02-05,20802.0298187836,117.3,0,113,0,0,20919.3298187836
"494",1931-02-06,20806.3298187836,117.3,0,113,0,0,20923.6298187836
"495",1931-02-07,20810.6298187836,117.3,0,113,0,0,20927.9298187836
"496",1931-02-08,20814.9298187836,115.6,0,113,0,0,20930.5298187836
"497",1931-02-09,20817.5298187836,1083.5,0,113,0,0,21901.0298187836
"498",1931-02-10,21788.0298187836,1178.1,0,113,0,0,22966.1298187836
"499",1931-02-11,22853.1298187836,590,0,113,0,0,23443.1298187836
"500",1931-02-12,23330.1298187836,416.9,0,113,0,0,23747.0298187836
"501",1931-02-13,23634.0298187836,344.6,0,113,0,0,23978.6298187836
"502",1931-02-14,23865.6298187836,646.2,0,113,0,0,24511.8298187836
"503",1931-02-15,24398.8298187836,510.4,0,113,0,0,24909.2298187836
"504",1931-02-16,24796.2298187836,419.9,0,113,0,0,25216.1298187836
"505",1931-02-17,25103.1298187836,351.6,0,113,0,0,25454.7298187836
"506",1931-02-18,25341.7298187836,586,0,113,0,0,25927.7298187836
"507",1931-02-19,25814.7298187836,673.2,0,113,0,0,26487.9298187836
"508",1931-02-20,26374.9298187836,558.9,0,113,0,0,26933.8298187836
"509",1931-02-21,26820.8298187836,471,0,113,0,0,27291.8298187836
"510",1931-02-22,27178.8298187836,370.1,0,113,0,0,27548.9298187836
"511",1931-02-23,27435.9298187836,317.9,0,113,0,0,27753.8298187836
"512",1931-02-24,27640.8298187836,284.8,0,113,0,0,27925.6298187836
"513",1931-02-25,27812.6298187836,255.3,0,113,0,0,28067.9298187836
"514",1931-02-26,27954.9298187836,237.2,0,113,0,0,28192.1298187836
"515",1931-02-27,28079.1298187836,200.5,0,113,0,0,28279.6298187836
"516",1931-02-28,28166.6298187836,188.5,0,113,0,0,28355.1298187836
"517",1931-03-01,28242.1298187836,596.2,0,113,0,0,28838.3298187836
"518",1931-03-02,28725.3298187836,891.4,0,113,0,0,29616.7298187836
"519",1931-03-03,29503.7298187836,628.7,0,113,0,0,30132.4298187836
"520",1931-03-04,30019.4298187836,488.1,0,113,0,0,30507.5298187836
"521",1931-03-05,30394.5298187836,350.5,0,113,0,0,30745.0298187836
"522",1931-03-06,30632.0298187836,289.7,0,113,0,0,30921.7298187836
"523",1931-03-07,30808.7298187836,263.3,0,113,0,0,31072.0298187836
"524",1931-03-08,30959.0298187836,256.2,0,113,0,0,31215.2298187836
"525",1931-03-09,31102.2298187836,226.1,0,113,0,0,31328.3298187836
"526",1931-03-10,31215.3298187836,186.5,0,113,0,0,31401.8298187836
"527",1931-03-11,31288.8298187836,173.8,0,113,0,0,31462.6298187836
"528",1931-03-12,31349.6298187836,163.1,0,113,0,0,31512.7298187836
"529",1931-03-13,31399.7298187836,158.7,0,113,0,0,31558.4298187836
"530",1931-03-14,31445.4298187836,199.7,0,113,0,0,31645.1298187836
"531",1931-03-15,31532.1298187836,352.5,0,113,0,0,31884.6298187836
"532",1931-03-16,31771.6298187836,395.8,0,113,0,0,32167.4298187836
"533",1931-03-17,32054.4298187836,336.6,0,113,0,0,32391.0298187836
"534",1931-03-18,32278.0298187836,306.1,0,113,0,0,32584.1298187836
"535",1931-03-19,32471.1298187836,325.7,0,113,0,0,32796.8298187836
"536",1931-03-20,32683.8298187836,343.3,0,113,0,0,33027.1298187836
"537",1931-03-21,32914.1298187836,346.9,0,113,0,0,33261.0298187836
"538",1931-03-22,33148.0298187836,432.6,0,113,0,0,33580.6298187836
"539",1931-03-23,33467.6298187836,459.3,0,113,0,0,33926.9298187836
"540",1931-03-24,33813.9298187836,456.3,0,113,0,0,34270.2298187836
"541",1931-03-25,34157.2298187836,635.9,0,113,0,0,34793.1298187836
"542",1931-03-26,34680.1298187836,768.9,0,113,0,0,35449.0298187836
"543",1931-03-27,35336.0298187836,752.5,0,688.529818783645,0,0,36088.5298187836
"544",1931-03-28,35400,921,0,921,0,0,36321
"545",1931-03-29,35400,2070.9,0,2070.9,0,0,37470.9
"546",1931-03-30,35400,1350.7,0,1350.7,0,0,36750.7
"547",1931-03-31,35400,969.5,0,969.5,0,0,36369.5
"548",1931-04-01,35400,864.7,0,864.699999999997,0,0,36264.7
"549",1931-04-02,35400,835.3,0,835.300000000003,0,0,36235.3
"550",1931-04-03,35400,804.1,0,804.099999999999,0,0,36204.1
"551",1931-04-04,35400,2294.7,0,2294.7,0,0,37694.7
"552",1931-04-05,35400,1741.3,0,1741.3,0,0,37141.3
"553",1931-04-06,35400,1285,0,1285,0,0,36685
"554",1931-04-07,35400,1048,0,1048,0,0,36448
"555",1931-04-08,35400,957.7,0,957.699999999997,0,0,36357.7
"556",1931-04-09,35400,1456.9,0,1456.9,0,0,36856.9
"557",1931-04-10,35400,1345.5,0,1345.5,0,0,36745.5
"558",1931-04-11,35400,1241.5,0,1241.5,0,0,36641.5
"559",1931-04-12,35400,995.5,0,995.5,0,0,36395.5
"560",1931-04-13,35400,739.8,0,739.800000000003,0,0,36139.8
"561",1931-04-14,35400,601.1,0,601.099999999999,0,0,36001.1
"562",1931-04-15,35400,498.5,0,498.5,0,0,35898.5
"563",1931-04-16,35400,418.4,0,418.400000000001,0,0,35818.4
"564",1931-04-17,35400,370.1,0,370.099999999999,0,0,35770.1
"565",1931-04-18,35400,351.6,0,351.599999999999,0,0,35751.6
"566",1931-04-19,35400,314.9,0,314.900000000001,0,0,35714.9
"567",1931-04-20,35400,276.4,0,276.400000000001,0,0,35676.4
"568",1931-04-21,35400,248.7,0,248.699999999997,0,0,35648.7
"569",1931-04-22,35400,308.4,0,308.400000000001,0,0,35708.4
"570",1931-04-23,35400,849.7,0,849.699999999997,0,0,36249.7
"571",1931-04-24,35400,620,0,620,0,0,36020
"572",1931-04-25,35400,895.8,0,895.800000000003,0,0,36295.8
"573",1931-04-26,35400,1100.1,0,1100.1,0,0,36500.1
"574",1931-04-27,35400,1238.6,0,1238.6,0,0,36638.6
"575",1931-04-28,35400,997.8,0,997.800000000003,0,0,36397.8
"576",1931-04-29,35400,770.5,0,770.5,0,0,36170.5
"577",1931-04-30,35400,620,0,620,0,0,36020
"578",1931-05-01,35400,501.9,0,501.900000000001,0,0,35901.9
"579",1931-05-02,35400,410.4,0,410.400000000001,0,0,35810.4
"580",1931-05-03,35400,473.2,0,473.199999999997,0,0,35873.2
"581",1931-05-04,35400,470,0,470,0,0,35870
"582",1931-05-05,35400,384.9,0,384.900000000001,0,0,35784.9
"583",1931-05-06,35400,342.7,0,342.699999999997,0,0,35742.7
"584",1931-05-07,35400,321.5,0,321.5,0,0,35721.5
"585",1931-05-08,35400,1324.9,0,1324.9,0,0,36724.9
"586",1931-05-09,35400,1094.8,0,1094.8,0,0,36494.8
"587",1931-05-10,35400,791.1,0,791.099999999999,0,0,36191.1
"588",1931-05-11,35400,647.8,0,647.800000000003,0,0,36047.8
"589",1931-05-12,35400,581.7,0,581.699999999997,0,0,35981.7
"590",1931-05-13,35400,1339.5,0,1339.5,0,0,36739.5
"591",1931-05-14,35400,1966.5,0,1966.5,0,0,37366.5
"592",1931-05-15,35400,1375,0,1375,0,0,36775
"593",1931-05-16,35400,1053.9,0,1053.9,0,0,36453.9
"594",1931-05-17,35400,781.7,0,781.699999999997,0,0,36181.7
"595",1931-05-18,35400,614.9,0,614.900000000001,0,0,36014.9
"596",1931-05-19,35400,560.5,0,560.5,0,0,35960.5
"597",1931-05-20,35400,1329.8,0,1329.8,0,0,36729.8
"598",1931-05-21,35400,1998.6,0,1998.6,0,0,37398.6
"599",1931-05-22,35400,1421.9,0,1421.9,0,0,36821.9
"600",1931-05-23,35400,1747,0,1747,0,0,37147
"601",1931-05-24,35400,1390.9,0,1390.9,0,0,36790.9
"602",1931-05-25,35400,1140.2,0,1140.2,0,0,36540.2
"603",1931-05-26,35400,1037.5,0,1037.5,0,0,36437.5
"604",1931-05-27,35400,757.8,0,757.800000000003,0,0,36157.8
"605",1931-05-28,35400,558.1,0,558.099999999999,0,0,35958.1
"606",1931-05-29,35400,448.6,0,448.599999999999,0,0,35848.6
"607",1931-05-30,35400,407.1,0,407.099999999999,0,0,35807.1
"608",1931-05-31,35400,714.8,0,714.800000000003,0,0,36114.8
"609",1931-06-01,35400,534.3,0,534.300000000003,0,0,35934.3
"610",1931-06-02,35400,443.9,0,443.900000000001,0,0,35843.9
"611",1931-06-03,35400,348,0,348,0,0,35748
"612",1931-06-04,35400,279.3,0,279.300000000003,0,0,35679.3
"613",1931-06-05,35400,296.2,0,296.199999999997,0,0,35696.2
"614",1931-06-06,35400,357.5,0,357.5,0,0,35757.5
"615",1931-06-07,35400,343.7,0,343.699999999997,0,0,35743.7
"616",1931-06-08,35400,542,0,542,0,0,35942
"617",1931-06-09,35400,382.4,0,382.400000000001,0,0,35782.4
"618",1931-06-10,35400,284,0,284,0,0,35684
"619",1931-06-11,35400,221.9,0,221.900000000001,0,0,35621.9
"620",1931-06-12,35400,168.1,0,168.099999999999,0,0,35568.1
"621",1931-06-13,35400,145.8,0,145.800000000003,0,0,35545.8
"622",1931-06-14,35400,186.9,0,186.900000000001,0,0,35586.9
"623",1931-06-15,35400,321.2,0,321.199999999997,0,0,35721.2
"624",1931-06-16,35400,274,0,274,0,0,35674
"625",1931-06-17,35400,202.7,0,202.699999999997,0,0,35602.7
"626",1931-06-18,35400,155,0,155,0,0,35555
"627",1931-06-19,35400,117.6,0,117.599999999999,0,0,35517.6
"628",1931-06-20,35400,99.5,0,113,0,0,35499.5
"629",1931-06-21,35386.5,82,0,113,0,0,35468.5
"630",1931-06-22,35355.5,71.7,0,113,0,0,35427.2
"631",1931-06-23,35314.2,75.3,0,113,0,0,35389.5
"632",1931-06-24,35276.5,96.3,0,113,0,0,35372.8
"633",1931-06-25,35259.8,82.5,0,113,0,0,35342.3
"634",1931-06-26,35229.3,66.3,0,113,0,0,35295.6
"635",1931-06-27,35182.6,63.8,0,113,0,0,35246.4
"636",1931-06-28,35133.4,86.2,0,113,0,0,35219.6
"637",1931-06-29,35106.6,69.9,0,113,0,0,35176.5
"638",1931-06-30,35063.5,51.2,0,113,0,0,35114.7
"639",1931-07-01,35001.7,42.8,0,113,0,0,35044.5
"640",1931-07-02,34931.5,37.9,0,113,0,0,34969.4
"641",1931-07-03,34856.4,47.4,0,113,0,0,34903.8
"642",1931-07-04,34790.8,191.1,0,113,0,0,34981.9
"643",1931-07-05,34868.9,94.3,0,113,0,0,34963.2
"644",1931-07-06,34850.2,70,0,113,0,0,34920.2
"645",1931-07-07,34807.2,73.8,0,113,0,0,34881
"646",1931-07-08,34768,72.7,0,113,0,0,34840.7
"647",1931-07-09,34727.7,49.9,0,113,0,0,34777.6
"648",1931-07-10,34664.6,240.9,0,113,0,0,34905.5
"649",1931-07-11,34792.5,504.9,0,113,0,0,35297.4
"650",1931-07-12,35184.4,187.4,0,113,0,0,35371.8
"651",1931-07-13,35258.8,115,0,113,0,0,35373.8
"652",1931-07-14,35260.8,84.2,0,113,0,0,35345
"653",1931-07-15,35232,65.6,0,113,0,0,35297.6
"654",1931-07-16,35184.6,56.5,0,113,0,0,35241.1
"655",1931-07-17,35128.1,69.1,0,113,0,0,35197.2
"656",1931-07-18,35084.2,75.3,0,113,0,0,35159.5
"657",1931-07-19,35046.5,72.3,0,113,0,0,35118.8
"658",1931-07-20,35005.8,57.2,0,113,0,0,35063
"659",1931-07-21,34950,45.8,0,113,0,0,34995.8
"660",1931-07-22,34882.8,48.1,0,113,0,0,34930.9
"661",1931-07-23,34817.9,63.9,0,113,0,0,34881.8
"662",1931-07-24,34768.8,50.6,0,113,0,0,34819.4
"663",1931-07-25,34706.4,43.4,0,113,0,0,34749.8
"664",1931-07-26,34636.8,32.8,0,113,0,0,34669.6
"665",1931-07-27,34556.6,27.1,0,113,0,0,34583.7
"666",1931-07-28,34470.7,22.2,0,113,0,0,34492.9
"667",1931-07-29,34379.9,20.4,0,113,0,0,34400.3
"668",1931-07-30,34287.3,25.8,0,113,0,0,34313.1
"669",1931-07-31,34200.1,21.9,0,113,0,0,34222
"670",1931-08-01,34109,29.3,0,113,0,0,34138.3
"671",1931-08-02,34025.3,34.7,0,113,0,0,34060
"672",1931-08-03,33947,29.3,0,113,0,0,33976.3
"673",1931-08-04,33863.3,39.1,0,113,0,0,33902.4
"674",1931-08-05,33789.4,40.9,0,113,0,0,33830.3
"675",1931-08-06,33717.3,44.5,0,113,0,0,33761.8
"676",1931-08-07,33648.8,36.1,0,113,0,0,33684.9
"677",1931-08-08,33571.9,29.5,0,113,0,0,33601.4
"678",1931-08-09,33488.4,28.9,0,113,0,0,33517.3
"679",1931-08-10,33404.3,35.7,0,113,0,0,33440
"680",1931-08-11,33327,45.6,0,113,0,0,33372.6
"681",1931-08-12,33259.6,38.8,0,113,0,0,33298.4
"682",1931-08-13,33185.4,34.3,0,113,0,0,33219.7
"683",1931-08-14,33106.7,32.5,0,113,0,0,33139.2
"684",1931-08-15,33026.2,29.4,0,113,0,0,33055.6
"685",1931-08-16,32942.6,25.3,0,113,0,0,32967.9
"686",1931-08-17,32854.9,22.5,0,113,0,0,32877.4
"687",1931-08-18,32764.4,21.2,0,113,0,0,32785.6
"688",1931-08-19,32672.6,23.6,0,113,0,0,32696.2
"689",1931-08-20,32583.2,38.5,0,113,0,0,32621.7
"690",1931-08-21,32508.7,221.1,0,113,0,0,32729.8
"691",1931-08-22,32616.8,388.5,0,113,0,0,33005.3
"692",1931-08-23,32892.3,258.3,0,113,0,0,33150.6
"693",1931-08-24,33037.6,157.5,0,113,0,0,33195.1
"694",1931-08-25,33082.1,94.7,0,113,0,0,33176.8
"695",1931-08-26,33063.8,72.3,0,113,0,0,33136.1
"696",1931-08-27,33023.1,102.3,0,113,0,0,33125.4
"697",1931-08-28,33012.4,122.3,0,113,0,0,33134.7
"698",1931-08-29,33021.7,191.7,0,113,0,0,33213.4
"699",1931-08-30,33100.4,195.4,0,113,0,0,33295.8
"700",1931-08-31,33182.8,115.7,0,113,0,0,33298.5
"701",1931-09-01,33185.5,89.8,0,113,0,0,33275.3
"702",1931-09-02,33162.3,66.9,0,113,0,0,33229.2
"703",1931-09-03,33116.2,63.8,0,113,0,0,33180
"704",1931-09-04,33067,118.3,0,113,0,0,33185.3
"705",1931-09-05,33072.3,84.4,0,113,0,0,33156.7
"706",1931-09-06,33043.7,71.7,0,113,0,0,33115.4
"707",1931-09-07,33002.4,55.5,0,113,0,0,33057.9
"708",1931-09-08,32944.9,45.1,0,113,0,0,32990
"709",1931-09-09,32877,38.2,0,113,0,0,32915.2
"710",1931-09-10,32802.2,32.9,0,113,0,0,32835.1
"711",1931-09-11,32722.1,28.9,0,113,0,0,32751
"712",1931-09-12,32638,25.4,0,113,0,0,32663.4
"713",1931-09-13,32550.4,22.8,0,113,0,0,32573.2
"714",1931-09-14,32460.2,20.2,0,113,0,0,32480.4
"715",1931-09-15,32367.4,26,0,113,0,0,32393.4
"716",1931-09-16,32280.4,35.7,0,113,0,0,32316.1
"717",1931-09-17,32203.1,50.7,0,113,0,0,32253.8
"718",1931-09-18,32140.8,69.2,0,113,0,0,32210
"719",1931-09-19,32097,128.6,0,113,0,0,32225.6
"720",1931-09-20,32112.6,74.2,0,113,0,0,32186.8
"721",1931-09-21,32073.8,279.7,0,113,0,0,32353.5
"722",1931-09-22,32240.5,123.8,0,113,0,0,32364.3
"723",1931-09-23,32251.3,89.3,0,113,0,0,32340.6
"724",1931-09-24,32227.6,152.8,0,113,0,0,32380.4
"725",1931-09-25,32267.4,140.7,0,113,0,0,32408.1
"726",1931-09-26,32295.1,871.7,0,113,0,0,33166.8
"727",1931-09-27,33053.8,604.3,0,113,0,0,33658.1
"728",1931-09-28,33545.1,368.4,0,113,0,0,33913.5
"729",1931-09-29,33800.5,266.5,0,113,0,0,34067
"730",1931-09-30,33954,186.9,0,113,0,0,34140.9
"731",1931-10-01,34027.9,141.7,0,113,0,0,34169.6
"732",1931-10-02,34056.6,120,0,113,0,0,34176.6
"733",1931-10-03,34063.6,102.5,0,113,0,0,34166.1
"734",1931-10-04,34053.1,88.6,0,113,0,0,34141.7
"735",1931-10-05,34028.7,80.2,0,113,0,0,34108.9
"736",1931-10-06,33995.9,73.6,0,113,0,0,34069.5
"737",1931-10-07,33956.5,67,0,113,0,0,34023.5
"738",1931-10-08,33910.5,60.9,0,113,0,0,33971.4
"739",1931-10-09,33858.4,59.7,0,113,0,0,33918.1
"740",1931-10-10,33805.1,62.7,0,113,0,0,33867.8
"741",1931-10-11,33754.8,54.9,0,113,0,0,33809.7
"742",1931-10-12,33696.7,52.5,0,113,0,0,33749.2
"743",1931-10-13,33636.2,57.6,0,113,0,0,33693.8
"744",1931-10-14,33580.8,58.9,0,113,0,0,33639.7
"745",1931-10-15,33526.7,58.5,0,113,0,0,33585.2
"746",1931-10-16,33472.2,63.4,0,113,0,0,33535.6
"747",1931-10-17,33422.6,80.2,0,113,0,0,33502.8
"748",1931-10-18,33389.8,137,0,113,0,0,33526.8
"749",1931-10-19,33413.8,88.1,0,113,0,0,33501.9
"750",1931-10-20,33388.9,69.4,0,113,0,0,33458.3
"751",1931-10-21,33345.3,60.9,0,113,0,0,33406.2
"752",1931-10-22,33293.2,56.1,0,113,0,0,33349.3
"753",1931-10-23,33236.3,49.2,0,113,0,0,33285.5
"754",1931-10-24,33172.5,44.3,0,113,0,0,33216.8
"755",1931-10-25,33103.8,42.2,0,113,0,0,33146
"756",1931-10-26,33033,40.4,0,113,0,0,33073.4
"757",1931-10-27,32960.4,37.4,0,113,0,10.6117238514461,32997.8
"758",1931-10-28,32884.8,37.4,0,113,0,0,32922.2
"759",1931-10-29,32809.2,41.3,0,113,0,0,32850.5
"760",1931-10-30,32737.5,54,0,113,0,0,32791.5
"761",1931-10-31,32678.5,50.1,0,113,0,0,32728.6
